mse,rmse,std_mse,std_rmse,corr,cosine,target_mean,target_sd,pred_mean,pred_sd,method,checkpoint_step,checkpoint_source,pi,n
0.6617394970807637,0.8134737224279367,0.4138473497824564,0.6433096841976316,0.8644892654233326,0.7795318761208662,-0.021611614170923183,1.2645134099641107,-0.527054288983345,1.0455343627176474,linear CS beta-conditioned DeepSets FSM,10000,raw,0.07,5000
0.41307371213654903,0.642708108037038,0.2583334707791337,0.508265157943306,0.8642407694691958,0.8625627622183641,-0.021611614170923183,1.2645134099641107,-0.0853239413484931,1.02705355222869,linear CS beta-conditioned DeepSets FSM,10000,ema,0.07,5000
0.3592975500343523,0.5994143391964796,0.22470222726768635,0.4740276650868453,0.8893797694557009,0.8805478156848853,-0.021611614170923183,1.2645134099641107,-0.1782140607982874,1.1005983772580537,linear CS beta-conditioned DeepSets FSM,15000,raw,0.07,5000
0.3494275779312352,0.5911239953945663,0.21852961430545406,0.46747151175815416,0.8888401211144529,0.8841192344515496,-0.021611614170923183,1.2645134099641107,-0.1350825492888689,1.095280916090503,linear CS beta-conditioned DeepSets FSM,15000,ema,0.07,5000
0.611650997850867,0.7820811964565233,0.38252234537767404,0.6184839087459544,0.8999204794059458,0.8198102348352362,-0.021611614170923183,1.2645134099641107,-0.5724393555268645,1.2027846644530669,linear CS beta-conditioned DeepSets FSM,20000,raw,0.07,5000
0.3163269267888875,0.5624294860592637,0.19782869375927978,0.4447793764994953,0.9002880921409051,0.8968134616164415,-0.021611614170923183,1.2645134099641107,-0.12753662886172534,1.184548414094948,linear CS beta-conditioned DeepSets FSM,20000,ema,0.07,5000
0.4149006019572931,0.6441277838731172,0.2594759951622101,0.5093878631869924,0.9223691134785988,0.8828598660304452,-0.021611614170923183,1.2645134099641107,-0.4197175977930427,1.2997122172418314,shared-raw-gate CS beta-conditioned gate+DeepSets FSM [matched_random],10000,raw,0.07,5000
0.24134621858232821,0.4912700057833047,0.15093627232609297,0.38850517670436896,0.923456025811738,0.9230684722345579,-0.021611614170923183,1.2645134099641107,-0.05972210810929537,1.2346220618314707,shared-raw-gate CS beta-conditioned gate+DeepSets FSM [matched_random],10000,ema,0.07,5000
0.24182686646995222,0.49175895159107397,0.15123686622346383,0.38889184386338554,0.9265296200774934,0.9262499872761805,-0.021611614170923183,1.2645134099641107,0.009156988744437695,1.2922488717915177,shared-raw-gate CS beta-conditioned gate+DeepSets FSM [matched_random],15000,raw,0.07,5000
0.24343598877402622,0.49339232743733075,0.15224320029291954,0.3901835469274935,0.9271634427008446,0.9253212512792175,-0.021611614170923183,1.2645134099641107,-0.1051736808270216,1.2819817528187851,shared-raw-gate CS beta-conditioned gate+DeepSets FSM [matched_random],15000,ema,0.07,5000
0.4736629387400114,0.6882317478437124,0.2962255581727797,0.5442660729576846,0.925106640762041,0.8737316239414271,-0.021611614170923183,1.2645134099641107,-0.48920459238290787,1.32627201493921,shared-raw-gate CS beta-conditioned gate+DeepSets FSM [matched_random],20000,raw,0.07,5000
0.2594181102460163,0.5093310419030204,0.1622383096135245,0.40278816965437864,0.9254254751666605,0.9240656884524416,-0.021611614170923183,1.2645134099641107,-0.09711135809123517,1.3255255780176607,shared-raw-gate CS beta-conditioned gate+DeepSets FSM [matched_random],20000,ema,0.07,5000
0.6913229426302875,0.8314583228462431,0.30685597236513074,0.553945820784967,0.8894087404323509,0.8327745113754403,-0.014994173640422832,1.500974087443865,-0.4620849556773901,1.1911748962522863,linear CS beta-conditioned DeepSets FSM,10000,raw,0.1,5000
0.5122730015200632,0.7157324929888702,0.22738147442317538,0.4768453359561938,0.8889748483394677,0.8846701216011442,-0.014994173640422832,1.500974087443865,-0.12909083161354065,1.1707326138687157,linear CS beta-conditioned DeepSets FSM,10000,ema,0.1,5000
0.4343476933326367,0.6590505999789672,0.19279294171120226,0.4390819305223141,0.9139167006554764,0.9005898573751004,-0.014994173640422832,1.500974087443865,-0.22781421660631895,1.2380786720026358,linear CS beta-conditioned DeepSets FSM,15000,raw,0.1,5000
0.3990825601236933,0.6317298157627937,0.17713988570203215,0.42087989462794745,0.9136512045812402,0.9115006618948117,-0.014994173640422832,1.500974087443865,-0.09827392393052578,1.2304033631087952,linear CS beta-conditioned DeepSets FSM,15000,ema,0.1,5000
0.5315489172196618,0.7290740135402316,0.23593743212468607,0.48573391082431755,0.924146348266953,0.8765805615258409,-0.014994173640422832,1.500974087443865,-0.46240059141665696,1.3365793828673789,linear CS beta-conditioned DeepSets FSM,20000,raw,0.1,5000
0.3535121174770139,0.5945688500729027,0.1569126349814749,0.39612199507408685,0.9245954707508469,0.9188566528402622,-0.014994173640422832,1.500974087443865,-0.1620040205359459,1.3174464067192722,linear CS beta-conditioned DeepSets FSM,20000,ema,0.1,5000
0.41173001465447107,0.6416619161633882,0.1827536831310885,0.42749699780359685,0.9386773519085542,0.9079264853880221,-0.014994173640422832,1.500974087443865,-0.3933486120536923,1.4361249187287537,shared-raw-gate CS beta-conditioned gate+DeepSets FSM [matched_random],10000,raw,0.1,5000
0.2811705733541911,0.5302551964424216,0.12480255516878266,0.35327405108326687,0.9388439638762088,0.9358580767417767,-0.014994173640422832,1.500974087443865,-0.12357828513383866,1.3617839726491445,shared-raw-gate CS beta-conditioned gate+DeepSets FSM [matched_random],10000,ema,0.1,5000
0.2655383667617101,0.5153041497617792,0.11786392250038348,0.34331315515194505,0.9414542498527537,0.9395609308391661,-0.014994173640422832,1.500974087443865,-0.10725248081386089,1.4439325578634585,shared-raw-gate CS beta-conditioned gate+DeepSets FSM [matched_random],15000,raw,0.1,5000
0.2623812355364106,0.5122316229367438,0.11646257370623288,0.3412661332541406,0.9421236942260827,0.9400737213098,-0.014994173640422832,1.500974087443865,-0.10967816712707282,1.4275558957759686,shared-raw-gate CS beta-conditioned gate+DeepSets FSM [matched_random],15000,ema,0.1,5000
0.43175738948548803,0.6570824830152513,0.19164318932093186,0.43777070404600155,0.9398150300617282,0.9071323270892221,-0.014994173640422832,1.500974087443865,-0.4190782431423664,1.4844609723326805,shared-raw-gate CS beta-conditioned gate+DeepSets FSM [matched_random],20000,raw,0.1,5000
0.2813131178801253,0.5303895906596634,0.1248658260895255,0.3533635890828673,0.9401179484724902,0.9371948866049177,-0.014994173640422832,1.500974087443865,-0.1334414923235774,1.4855419267971148,shared-raw-gate CS beta-conditioned gate+DeepSets FSM [matched_random],20000,ema,0.1,5000
0.7996555785276485,0.8942346328160459,0.15071472315075488,0.38821994172215685,0.9317870737352585,0.930528907839073,0.02885180018750162,2.3034227166412586,-0.07157000811100006,1.8456062708796883,linear CS beta-conditioned DeepSets FSM,10000,raw,0.3,5000
0.8151449384641328,0.9028537746856535,0.1536340732525924,0.3919618262695902,0.9311729149663659,0.9307840902886912,0.02885180018750162,2.3034227166412586,-0.02884578981101513,1.8184025101066426,linear CS beta-conditioned DeepSets FSM,10000,ema,0.3,5000
0.6459061477463456,0.8036828651566149,0.12173686878818567,0.3489081093757863,0.9553931519768539,0.9447498922159349,0.02885180018750162,2.3034227166412586,-0.25840964929163457,1.8835022153123742,linear CS beta-conditioned DeepSets FSM,15000,raw,0.3,5000
0.5835528453116299,0.763906306631664,0.10998485833977917,0.3316396513382849,0.9553309178648215,0.9547308639288034,0.02885180018750162,2.3034227166412586,0.09075364103317261,1.859501312582487,linear CS beta-conditioned DeepSets FSM,15000,ema,0.3,5000
0.44798969489926194,0.669320323088476,0.08443465493663022,0.29057641841111304,0.9647255288814437,0.9645455673190227,0.02885180018750162,2.3034227166412586,-0.0128806103348732,1.9419306179697682,linear CS beta-conditioned DeepSets FSM,20000,raw,0.3,5000
0.46063409170964587,0.6787002959404437,0.08681780190121981,0.29464860749920374,0.9648359971861563,0.9647183713840359,0.02885180018750162,2.3034227166412586,0.05553862258791924,1.9169104115386288,linear CS beta-conditioned DeepSets FSM,20000,ema,0.3,5000
0.3487485293823491,0.5905493454253836,0.06573022119331881,0.2563790576340408,0.9726561455108484,0.9726600870358857,0.02885180018750162,2.3034227166412586,0.027454520440101625,1.9903303502773608,shared-raw-gate CS beta-conditioned gate+DeepSets FSM [matched_random],10000,raw,0.3,5000
0.3944576657583564,0.6280586483429366,0.07434522997879411,0.27266321713570774,0.9743875107008133,0.9743858187967102,0.02885180018750162,2.3034227166412586,0.017789431923627853,1.8894212349147124,shared-raw-gate CS beta-conditioned gate+DeepSets FSM [matched_random],10000,ema,0.3,5000
0.34002933166990446,0.583120340641539,0.06408687435173561,0.253153855099494,0.9791428467494013,0.9715808341977518,0.02885180018750162,2.3034227166412586,-0.22624158708155157,2.0188658824875287,shared-raw-gate CS beta-conditioned gate+DeepSets FSM [matched_random],15000,raw,0.3,5000
0.31155915403815326,0.5581748418176452,0.05872097051133136,0.24232410220886275,0.9792013378633087,0.9780214585757236,0.02885180018750162,2.3034227166412586,0.12188731971383095,1.9648369981619245,shared-raw-gate CS beta-conditioned gate+DeepSets FSM [matched_random],15000,ema,0.3,5000
0.2762841073598182,0.5256273464725919,0.05207252205800589,0.228194044747022,0.980208245515449,0.9785282286632886,0.02885180018750162,2.3034227166412586,-0.09294680694937706,2.026517933720867,shared-raw-gate CS beta-conditioned gate+DeepSets FSM [matched_random],20000,raw,0.3,5000
0.26410694864104517,0.513913366863565,0.049777437581209207,0.22310857800902503,0.9801091360894117,0.9798616864980231,0.02885180018750162,2.3034227166412586,0.07176319844126701,2.0267537163355307,shared-raw-gate CS beta-conditioned gate+DeepSets FSM [matched_random],20000,ema,0.3,5000
0.9351534503737594,0.9670333243346682,0.1638073533928661,0.40473121129073564,0.9186700124548752,0.9186135356035755,0.026336910506062843,2.389322338770464,-0.00012082918286323548,1.9861642645794109,linear CS beta-conditioned DeepSets FSM,10000,raw,0.5,5000
0.957557719567091,0.9785487824156193,0.1677318259377668,0.40955076112463373,0.9181571695697196,0.9174077187465747,0.026336910506062843,2.389322338770464,-0.05623856137990951,1.9602789821005526,linear CS beta-conditioned DeepSets FSM,10000,ema,0.5,5000
0.8575971643854188,0.9260654212232626,0.15022210709809738,0.38758496758529914,0.9382594274917495,0.9223258381429338,0.026336910506062843,2.389322338770464,-0.36679683640301225,2.1008506805729286,linear CS beta-conditioned DeepSets FSM,15000,raw,0.5,5000
0.7156110065946548,0.8459379448840528,0.1253509196829934,0.35404931815072516,0.9382180671782061,0.9382080960382531,0.026336910506062843,2.389322338770464,0.036923575448989866,2.0631536275356352,linear CS beta-conditioned DeepSets FSM,15000,ema,0.5,5000
0.5949937463753552,0.7713583773936439,0.10422284261486592,0.32283562785861464,0.9482457656734248,0.9474227488593763,0.026336910506062843,2.389322338770464,-0.0652923932403326,2.16091021194561,linear CS beta-conditioned DeepSets FSM,20000,raw,0.5,5000
0.5992093069783527,0.7740861108289908,0.10496126669400316,0.3239772626188498,0.9480029512663699,0.9477555668040166,0.026336910506062843,2.389322338770464,-0.02452632982432842,2.1295509638552415,linear CS beta-conditioned DeepSets FSM,20000,ema,0.5,5000
0.49285405410806454,0.702035650168896,0.08633141243302829,0.2938220761498841,0.9573927070680563,0.9569318444636077,0.026336910506062843,2.389322338770464,-0.04290381070971489,2.178225266984438,shared-raw-gate CS beta-conditioned gate+DeepSets FSM [matched_random],10000,raw,0.5,5000
0.5112185604726501,0.7149954968198402,0.08954825474136484,0.29924614407100525,0.9588103005798406,0.957488481892221,0.026336910506062843,2.389322338770464,-0.08624298466742039,2.0961316780974073,shared-raw-gate CS beta-conditioned gate+DeepSets FSM [matched_random],10000,ema,0.5,5000
0.6254069475189132,0.7908267493698687,0.10955020999563105,0.3309837004984249,0.9689508815992557,0.9437094780843553,0.026336910506062843,2.389322338770464,-0.4921161248087883,2.2279190416321177,shared-raw-gate CS beta-conditioned gate+DeepSets FSM [matched_random],15000,raw,0.5,5000
0.3798871461120409,0.6163498569092403,0.06654341912304468,0.2579601114960309,0.9688594203199077,0.968713935544942,0.026336910506062843,2.389322338770464,-0.013268613356351853,2.1466910057589,shared-raw-gate CS beta-conditioned gate+DeepSets FSM [matched_random],15000,ema,0.5,5000
0.38748179707158836,0.6224803587837839,0.06787374589789522,0.26052590254693525,0.9737288243679861,0.9666271556545241,0.026336910506062843,2.389322338770464,-0.2401910398006439,2.183626290129907,shared-raw-gate CS beta-conditioned gate+DeepSets FSM [matched_random],20000,raw,0.5,5000
0.32672237905070206,0.5715963427548343,0.05723074452126095,0.2392294808782165,0.973513672341949,0.9730645480194761,0.026336910506062843,2.389322338770464,-0.04163320648670196,2.1721100084003804,shared-raw-gate CS beta-conditioned gate+DeepSets FSM [matched_random],20000,ema,0.5,5000
1.0288098586879666,1.0143026464955944,0.2263848870307632,0.47579920873280485,0.8849541438036616,0.8822493534383996,-0.012444719209006763,2.1317871654239884,-0.1469738775730133,1.7277719644578176,linear CS beta-conditioned DeepSets FSM,10000,raw,0.65,5000
1.0664641121064267,1.0326974930280535,0.2346705326574846,0.48442804693523334,0.8840603215481099,0.8776563228215487,-0.012444719209006763,2.1317871654239884,-0.21813258926421403,1.707246157641121,linear CS beta-conditioned DeepSets FSM,10000,ema,0.65,5000
1.2101104196976227,1.1000501896266472,0.2662792432873486,0.516022522073745,0.9043890169277652,0.8588122097323586,-0.012444719209006763,2.1317871654239884,-0.6272601327866316,1.8598138943967024,linear CS beta-conditioned DeepSets FSM,15000,raw,0.65,5000
0.8853796130265651,0.9409461265272125,0.19482371983679767,0.4413884002064368,0.9045247654507245,0.8981696098558177,-0.012444719209006763,2.1317871654239884,-0.22851211311370134,1.8171571825844874,linear CS beta-conditioned DeepSets FSM,15000,ema,0.65,5000
0.7751646064242247,0.8804343282858891,0.17057141353543165,0.4130029219453921,0.9163025090258458,0.9107605924667851,-0.012444719209006763,2.1317871654239884,-0.22380556728839873,1.9133931539613713,linear CS beta-conditioned DeepSets FSM,20000,raw,0.65,5000
0.7764683287114198,0.8811744031185993,0.17085829164047092,0.4133500836342856,0.9159245380042473,0.9108737229766942,-0.012444719209006763,2.1317871654239884,-0.21048134263157844,1.8803833206248763,linear CS beta-conditioned DeepSets FSM,20000,ema,0.65,5000
0.6822795007022302,0.8260021190664284,0.15013247237624525,0.38746931798046313,0.9296720090859115,0.9230349281258611,-0.012444719209006763,2.1317871654239884,-0.259340716509521,2.049580894511443,shared-raw-gate CS beta-conditioned gate+DeepSets FSM [matched_random],10000,raw,0.65,5000
0.6617502828852317,0.8134803518741136,0.14561511222744372,0.3815954824515664,0.9297619648735009,0.9244299267394247,-0.012444719209006763,2.1317871654239884,-0.22634706279039382,1.9865359883185896,shared-raw-gate CS beta-conditioned gate+DeepSets FSM [matched_random],10000,ema,0.65,5000
1.0371850696958462,1.0184228344336386,0.22822781376971923,0.47773194761259086,0.9431796152585104,0.8920941287562844,-0.012444719209006763,2.1317871654239884,-0.7378003153607249,2.1069608534273723,shared-raw-gate CS beta-conditioned gate+DeepSets FSM [matched_random],15000,raw,0.65,5000
0.5481156527914429,0.7403483320650104,0.12061033347330927,0.34728998470055145,0.9429536733451531,0.9378425593205885,-0.012444719209006763,2.1317871654239884,-0.22315229311734439,2.013518403687356,shared-raw-gate CS beta-conditioned gate+DeepSets FSM [matched_random],15000,ema,0.65,5000
0.6434571840709946,0.8021578299006964,0.14158979980111744,0.3762842008390964,0.9502527968267259,0.927701589675053,-0.012444719209006763,2.1317871654239884,-0.4625001363813877,2.0259104173744933,shared-raw-gate CS beta-conditioned gate+DeepSets FSM [matched_random],20000,raw,0.65,5000
0.4943655502981853,0.7031113356348234,0.10878287013975792,0.3298224827687735,0.9499104981133346,0.9440556669582172,-0.012444719209006763,2.1317871654239884,-0.2365482950657606,2.008273745015698,shared-raw-gate CS beta-conditioned gate+DeepSets FSM [matched_random],20000,ema,0.65,5000
1.1278802980689668,1.0620170893488328,0.2713986290745018,0.5209593353367438,0.8711471755398181,0.8547657281877172,-0.030878729050417577,2.038579630523803,-0.34738345828056333,1.6154996161478734,linear CS beta-conditioned DeepSets FSM,10000,raw,0.68,5000
1.1871070618137245,1.0895444285634819,0.28565019682718523,0.5344625307981704,0.8701464768661918,0.8460321636091027,-0.030878729050417577,2.038579630523803,-0.4138243595898151,1.5971078984651463,linear CS beta-conditioned DeepSets FSM,10000,ema,0.68,5000
1.603178595926103,1.2661668910242847,0.38576830700993753,0.6211024931602976,0.8916694847919522,0.7994370699172925,-0.030878729050417577,2.038579630523803,-0.8937501406520605,1.7340697214667962,linear CS beta-conditioned DeepSets FSM,15000,raw,0.68,5000
1.084977849191401,1.0416227000173341,0.26107513479124744,0.5109551201340949,0.8917113465347637,0.85966055448169,-0.030878729050417577,2.038579630523803,-0.49772164612710473,1.6924656612076003,linear CS beta-conditioned DeepSets FSM,15000,ema,0.68,5000
0.9605446274050476,0.9800737867145757,0.23113312245008075,0.4807630626931324,0.9043863144501395,0.8772987750203498,-0.030878729050417577,2.038579630523803,-0.47796364036500455,1.7808306459234349,linear CS beta-conditioned DeepSets FSM,20000,raw,0.68,5000
0.9624108584481426,0.9810254117239484,0.23158218831948144,0.48122987056029826,0.903904299070673,0.8766995300389352,-0.030878729050417577,2.038579630523803,-0.47045158172249796,1.7485930314842362,linear CS beta-conditioned DeepSets FSM,20000,ema,0.68,5000
0.7586235657699449,0.8709899917736971,0.18254543153743752,0.4272533575496365,0.9191441694876263,0.906353843846443,-0.030878729050417577,2.038579630523803,-0.36089946434795855,1.9432950872840737,shared-raw-gate CS beta-conditioned gate+DeepSets FSM [matched_random],10000,raw,0.68,5000
0.722698091393727,0.8501165163633319,0.17390078678989668,0.4170141326021178,0.9186733867258176,0.9093474583696997,-0.030878729050417577,2.038579630523803,-0.30298272655308245,1.8865251167279218,shared-raw-gate CS beta-conditioned gate+DeepSets FSM [matched_random],10000,ema,0.68,5000
1.2130953181693702,1.1014060641604304,0.29190367705822984,0.5402811092924032,0.9340133083960814,0.8652597285697797,-0.030878729050417577,2.038579630523803,-0.8514713213741779,2.00082110051721,shared-raw-gate CS beta-conditioned gate+DeepSets FSM [matched_random],15000,raw,0.68,5000
0.6267408981692869,0.7916696900660571,0.1508108802319601,0.3883437655376485,0.9335930664679096,0.9219619074636609,-0.030878729050417577,2.038579630523803,-0.33599993739277123,1.9076505028138862,shared-raw-gate CS beta-conditioned gate+DeepSets FSM [matched_random],15000,ema,0.68,5000
0.7631854885355487,0.8736048812452623,0.18364315404101203,0.42853605920740445,0.9421021792641836,0.9067447559475512,-0.030878729050417577,2.038579630523803,-0.5748374564260245,1.9195581523752079,shared-raw-gate CS beta-conditioned gate+DeepSets FSM [matched_random],20000,raw,0.68,5000
0.5684929939979086,0.7539847438761004,0.1367948526750993,0.3698578817263454,0.9416189920630309,0.9292839645240156,-0.030878729050417577,2.038579630523803,-0.3424548323631287,1.901198341570828,shared-raw-gate CS beta-conditioned gate+DeepSets FSM [matched_random],20000,ema,0.68,5000
