method,step,stage,train_loss,val_loss_raw,val_loss_ema,best_val_loss,best_source,lr_model,lr_gate,lr_rho,grad_norm
linear CS beta-conditioned DeepSets FSM,0,joint,52.26084155273438,52.26084155273438,52.26084155273438,52.26084155273438,raw,0.0001,,,
linear CS beta-conditioned DeepSets FSM,1,joint,58.95338821411133,51.586907958984376,52.25740551757813,51.586907958984376,raw,0.0001,,,328.0793151855469
linear CS beta-conditioned DeepSets FSM,100,joint,46.65065002441406,42.15672534179687,46.715220336914065,42.15672534179687,raw,0.0001,,,48.46581268310547
linear CS beta-conditioned DeepSets FSM,200,joint,39.92219543457031,41.87301806640625,43.835156005859375,41.87301806640625,raw,0.0001,,,36.55685043334961
linear CS beta-conditioned DeepSets FSM,300,joint,43.34355926513672,41.72870703125,42.62703039550781,41.72870703125,raw,0.0001,,,25.530332565307617
linear CS beta-conditioned DeepSets FSM,400,joint,44.59383773803711,41.63818359375,42.07569494628906,41.63818359375,raw,0.0001,,,32.246742248535156
linear CS beta-conditioned DeepSets FSM,500,joint,44.11217498779297,41.565267578125,41.82454772949219,41.565267578125,raw,0.0001,,,34.481719970703125
linear CS beta-conditioned DeepSets FSM,600,joint,42.361839294433594,41.51552734375,41.685753173828125,41.51552734375,raw,0.0001,,,56.215789794921875
linear CS beta-conditioned DeepSets FSM,700,joint,37.852745056152344,41.49891955566406,41.59670385742187,41.49891955566406,raw,0.0001,,,42.43893051147461
linear CS beta-conditioned DeepSets FSM,800,joint,42.737098693847656,41.44922900390625,41.52650024414063,41.44922900390625,raw,0.0001,,,20.316932678222656
linear CS beta-conditioned DeepSets FSM,900,joint,39.37174987792969,41.42746801757813,41.486880493164065,41.42746801757813,raw,0.0001,,,51.279422760009766
linear CS beta-conditioned DeepSets FSM,1000,joint,40.9801025390625,41.41500036621094,41.45200183105469,41.41500036621094,raw,0.0001,,,15.721856117248535
linear CS beta-conditioned DeepSets FSM,1100,joint,44.65040588378906,41.38171142578125,41.43521557617188,41.38171142578125,raw,0.0001,,,33.19459533691406
linear CS beta-conditioned DeepSets FSM,1200,joint,40.905296325683594,41.38737329101563,41.40760021972656,41.38171142578125,raw,0.0001,,,24.080446243286133
linear CS beta-conditioned DeepSets FSM,1300,joint,45.74555969238281,41.39002795410156,41.38960974121094,41.38171142578125,raw,0.0001,,,6.800011157989502
linear CS beta-conditioned DeepSets FSM,1400,joint,40.7662467956543,41.336074951171874,41.37574890136719,41.336074951171874,raw,0.0001,,,9.417106628417969
linear CS beta-conditioned DeepSets FSM,1500,joint,47.105194091796875,41.35455859375,41.3577529296875,41.336074951171874,raw,0.0001,,,51.729522705078125
linear CS beta-conditioned DeepSets FSM,1600,joint,44.81474685668945,41.30750207519531,41.34251806640625,41.30750207519531,raw,0.0001,,,39.20354080200195
linear CS beta-conditioned DeepSets FSM,1700,joint,38.82087707519531,41.304383544921876,41.330811401367185,41.304383544921876,raw,0.0001,,,54.45643997192383
linear CS beta-conditioned DeepSets FSM,1800,joint,38.325225830078125,41.352101806640626,41.32112548828125,41.304383544921876,raw,0.0001,,,18.42049217224121
linear CS beta-conditioned DeepSets FSM,1900,joint,42.57423400878906,41.28651696777344,41.30384545898438,41.28651696777344,raw,0.0001,,,35.75105667114258
linear CS beta-conditioned DeepSets FSM,2000,joint,39.289459228515625,41.274009887695314,41.29593896484375,41.274009887695314,raw,0.0001,,,68.09004974365234
linear CS beta-conditioned DeepSets FSM,2100,joint,41.941307067871094,41.34567358398437,41.28543237304687,41.274009887695314,raw,0.0001,,,37.35878372192383
linear CS beta-conditioned DeepSets FSM,2200,joint,42.262977600097656,41.3381826171875,41.268943725585935,41.268943725585935,ema,0.0001,,,41.704566955566406
linear CS beta-conditioned DeepSets FSM,2300,joint,42.43006896972656,41.33122326660156,41.261638427734376,41.261638427734376,ema,0.0001,,,21.12027359008789
linear CS beta-conditioned DeepSets FSM,2400,joint,39.86846923828125,41.35312915039062,41.249147827148434,41.249147827148434,ema,0.0001,,,54.888851165771484
linear CS beta-conditioned DeepSets FSM,2500,joint,41.59556579589844,41.24021594238281,41.242935791015626,41.24021594238281,raw,0.0001,,,32.260101318359375
linear CS beta-conditioned DeepSets FSM,2600,joint,44.13649368286133,41.301816162109375,41.24149072265625,41.24021594238281,raw,0.0001,,,6.393970966339111
linear CS beta-conditioned DeepSets FSM,2700,joint,46.121559143066406,41.21660107421875,41.22479272460937,41.21660107421875,raw,0.0001,,,24.25320816040039
linear CS beta-conditioned DeepSets FSM,2800,joint,38.65471267700195,41.249666137695314,41.224232788085935,41.21660107421875,raw,0.0001,,,47.59996795654297
linear CS beta-conditioned DeepSets FSM,2900,joint,43.011932373046875,41.18033337402344,41.20533325195313,41.18033337402344,raw,0.0001,,,62.584388732910156
linear CS beta-conditioned DeepSets FSM,3000,joint,46.690757751464844,41.220489624023436,41.19684045410156,41.18033337402344,raw,0.0001,,,40.501319885253906
linear CS beta-conditioned DeepSets FSM,3100,joint,43.51877975463867,41.16541284179687,41.18960974121094,41.16541284179687,raw,0.0001,,,47.430084228515625
linear CS beta-conditioned DeepSets FSM,3200,joint,44.0889892578125,41.187248046875,41.18281909179687,41.16541284179687,raw,0.0001,,,9.9796781539917
linear CS beta-conditioned DeepSets FSM,3300,joint,40.4780158996582,41.22854748535156,41.17729602050781,41.16541284179687,raw,0.0001,,,31.985294342041016
linear CS beta-conditioned DeepSets FSM,3400,joint,42.36248779296875,41.171818481445314,41.17122583007812,41.16541284179687,raw,0.0001,,,43.04008865356445
linear CS beta-conditioned DeepSets FSM,3500,joint,39.95875930786133,41.14444262695312,41.16562939453125,41.14444262695312,raw,0.0001,,,18.52637481689453
linear CS beta-conditioned DeepSets FSM,3600,joint,42.29417419433594,41.19519067382812,41.15169482421875,41.14444262695312,raw,0.0001,,,16.20970344543457
linear CS beta-conditioned DeepSets FSM,3700,joint,39.914527893066406,41.15035778808594,41.14497119140625,41.14444262695312,raw,0.0001,,,43.80614471435547
linear CS beta-conditioned DeepSets FSM,3800,joint,46.782562255859375,41.130067138671876,41.137400512695315,41.130067138671876,raw,0.0001,,,33.43717956542969
linear CS beta-conditioned DeepSets FSM,3900,joint,42.74351501464844,41.105443603515624,41.13248388671875,41.105443603515624,raw,0.0001,,,26.971525192260742
linear CS beta-conditioned DeepSets FSM,4000,joint,37.85973358154297,41.097900390625,41.1225703125,41.097900390625,raw,0.0001,,,36.65523910522461
linear CS beta-conditioned DeepSets FSM,4100,joint,42.021514892578125,41.1942705078125,41.11374743652344,41.097900390625,raw,0.0001,,,55.41686248779297
linear CS beta-conditioned DeepSets FSM,4200,joint,37.21415710449219,41.13407958984375,41.1149921875,41.097900390625,raw,0.0001,,,14.120318412780762
linear CS beta-conditioned DeepSets FSM,4300,joint,40.26697540283203,41.19622998046875,41.10764306640625,41.097900390625,raw,0.0001,,,57.22736358642578
linear CS beta-conditioned DeepSets FSM,4400,joint,36.18791961669922,41.0618115234375,41.09124768066406,41.0618115234375,raw,0.0001,,,30.933855056762695
linear CS beta-conditioned DeepSets FSM,4500,joint,42.038902282714844,41.064056640625,41.079677612304685,41.0618115234375,raw,0.0001,,,25.125410079956055
linear CS beta-conditioned DeepSets FSM,4600,joint,41.0177001953125,41.063318359375,41.07579809570313,41.0618115234375,raw,0.0001,,,43.86055374145508
linear CS beta-conditioned DeepSets FSM,4700,joint,43.90187454223633,41.19799401855469,41.06801013183594,41.0618115234375,raw,0.0001,,,6.740401268005371
linear CS beta-conditioned DeepSets FSM,4800,joint,45.02594757080078,41.11883325195313,41.06264599609375,41.0618115234375,raw,0.0001,,,53.088924407958984
linear CS beta-conditioned DeepSets FSM,4900,joint,37.79607009887695,41.07466662597656,41.05342639160156,41.05342639160156,ema,0.0001,,,25.423208236694336
linear CS beta-conditioned DeepSets FSM,5000,joint,43.8111572265625,41.024896484375,41.046806640625,41.024896484375,raw,0.0001,,,49.16853713989258
linear CS beta-conditioned DeepSets FSM,5100,joint,43.53212356567383,41.09307312011719,41.04222387695312,41.024896484375,raw,0.0001,,,14.019786834716797
linear CS beta-conditioned DeepSets FSM,5200,joint,40.69078826904297,41.00826000976563,41.030714965820316,41.00826000976563,raw,0.0001,,,23.99456214904785
linear CS beta-conditioned DeepSets FSM,5300,joint,43.07231521606445,41.0433203125,41.01650769042969,41.00826000976563,raw,0.0001,,,59.04457473754883
linear CS beta-conditioned DeepSets FSM,5400,joint,41.248268127441406,41.08732470703125,41.01026123046875,41.00826000976563,raw,0.0001,,,30.055740356445312
linear CS beta-conditioned DeepSets FSM,5500,joint,42.56568908691406,40.990782470703124,41.003642822265626,40.990782470703124,raw,0.0001,,,46.96528625488281
linear CS beta-conditioned DeepSets FSM,5600,joint,45.617393493652344,41.023706787109376,40.99591796875,40.990782470703124,raw,0.0001,,,24.94099235534668
linear CS beta-conditioned DeepSets FSM,5700,joint,42.182899475097656,40.99700537109375,40.989503173828126,40.989503173828126,ema,0.0001,,,45.07410430908203
linear CS beta-conditioned DeepSets FSM,5800,joint,40.064125061035156,41.08904614257813,40.98653356933594,40.98653356933594,ema,0.0001,,,52.71297073364258
linear CS beta-conditioned DeepSets FSM,5900,joint,43.249595642089844,40.9776005859375,40.97173706054687,40.97173706054687,ema,0.0001,,,20.655916213989258
linear CS beta-conditioned DeepSets FSM,6000,joint,43.4041748046875,40.98475366210938,40.96336767578125,40.96336767578125,ema,0.0001,,,14.026541709899902
linear CS beta-conditioned DeepSets FSM,6100,joint,41.198646545410156,40.98486767578125,40.96061535644531,40.96061535644531,ema,0.0001,,,59.505699157714844
linear CS beta-conditioned DeepSets FSM,6200,joint,44.765724182128906,40.927400268554685,40.94964770507813,40.927400268554685,raw,0.0001,,,28.556360244750977
linear CS beta-conditioned DeepSets FSM,6300,joint,39.88705825805664,40.955186401367186,40.94282104492188,40.927400268554685,raw,0.0001,,,68.37812042236328
linear CS beta-conditioned DeepSets FSM,6400,joint,47.36151123046875,41.033067138671875,40.94221435546875,40.927400268554685,raw,0.0001,,,54.950164794921875
linear CS beta-conditioned DeepSets FSM,6500,joint,42.64331817626953,40.95115893554687,40.941980346679685,40.927400268554685,raw,0.0001,,,38.119815826416016
linear CS beta-conditioned DeepSets FSM,6600,joint,45.029502868652344,40.92793774414063,40.94531079101562,40.927400268554685,raw,0.0001,,,29.65709114074707
linear CS beta-conditioned DeepSets FSM,6700,joint,36.399139404296875,40.909715454101566,40.93643432617188,40.909715454101566,raw,0.0001,,,41.50313186645508
linear CS beta-conditioned DeepSets FSM,6800,joint,40.06524658203125,40.92055419921875,40.926380859375,40.909715454101566,raw,0.0001,,,26.03775978088379
linear CS beta-conditioned DeepSets FSM,6900,joint,43.73762512207031,41.06680249023437,40.92365490722656,40.909715454101566,raw,0.0001,,,30.54578971862793
linear CS beta-conditioned DeepSets FSM,7000,joint,36.19622039794922,40.88476599121094,40.9231689453125,40.88476599121094,raw,0.0001,,,15.568503379821777
linear CS beta-conditioned DeepSets FSM,7100,joint,39.752349853515625,40.90191064453125,40.9054736328125,40.88476599121094,raw,0.0001,,,26.233474731445312
linear CS beta-conditioned DeepSets FSM,7200,joint,42.0274658203125,40.88531469726563,40.895506958007815,40.88476599121094,raw,0.0001,,,29.76800537109375
linear CS beta-conditioned DeepSets FSM,7300,joint,43.18861389160156,40.89030065917969,40.8906806640625,40.88476599121094,raw,0.0001,,,34.462799072265625
linear CS beta-conditioned DeepSets FSM,7400,joint,38.527137756347656,41.00860803222656,40.88994018554688,40.88476599121094,raw,0.0001,,,94.82572174072266
linear CS beta-conditioned DeepSets FSM,7500,joint,38.451412200927734,40.8673095703125,40.8838798828125,40.8673095703125,raw,0.0001,,,51.2405891418457
linear CS beta-conditioned DeepSets FSM,7600,joint,40.687686920166016,40.88047985839844,40.87586547851563,40.8673095703125,raw,0.0001,,,26.17089080810547
linear CS beta-conditioned DeepSets FSM,7700,joint,41.14839172363281,40.87964990234375,40.871780883789064,40.8673095703125,raw,0.0001,,,19.558433532714844
linear CS beta-conditioned DeepSets FSM,7800,joint,38.26638412475586,40.97815966796875,40.867843139648436,40.8673095703125,raw,0.0001,,,34.058372497558594
linear CS beta-conditioned DeepSets FSM,7900,joint,42.78435516357422,40.843083374023436,40.86165405273437,40.843083374023436,raw,0.0001,,,28.70162582397461
linear CS beta-conditioned DeepSets FSM,8000,joint,41.08814239501953,40.86666723632813,40.855867065429685,40.843083374023436,raw,0.0001,,,17.994827270507812
linear CS beta-conditioned DeepSets FSM,8100,joint,40.87025451660156,40.90045837402344,40.85488110351562,40.843083374023436,raw,0.0001,,,28.923891067504883
linear CS beta-conditioned DeepSets FSM,8200,joint,43.91737365722656,40.84725329589844,40.85180493164062,40.843083374023436,raw,0.0001,,,26.340124130249023
linear CS beta-conditioned DeepSets FSM,8300,joint,46.95374298095703,40.85080749511719,40.84743408203125,40.843083374023436,raw,0.0001,,,35.73555374145508
linear CS beta-conditioned DeepSets FSM,8400,joint,37.06489562988281,40.83523461914063,40.84970739746094,40.83523461914063,raw,0.0001,,,98.29241943359375
linear CS beta-conditioned DeepSets FSM,8500,joint,39.23817443847656,40.83364721679688,40.84108068847656,40.83364721679688,raw,0.0001,,,15.57514476776123
linear CS beta-conditioned DeepSets FSM,8600,joint,44.64845657348633,40.82900219726562,40.846021484375,40.82900219726562,raw,0.0001,,,18.06879997253418
linear CS beta-conditioned DeepSets FSM,8700,joint,37.15843963623047,41.03188989257813,40.83789001464844,40.82900219726562,raw,0.0001,,,25.602956771850586
linear CS beta-conditioned DeepSets FSM,8800,joint,43.316829681396484,40.84962890625,40.8290888671875,40.82900219726562,raw,0.0001,,,48.25967788696289
linear CS beta-conditioned DeepSets FSM,8900,joint,42.47584533691406,40.821766967773435,40.8235888671875,40.821766967773435,raw,0.0001,,,15.71690559387207
linear CS beta-conditioned DeepSets FSM,9000,joint,40.056983947753906,40.80264379882812,40.816458740234374,40.80264379882812,raw,0.0001,,,54.94220733642578
linear CS beta-conditioned DeepSets FSM,9100,joint,38.84552764892578,40.81448852539062,40.81256042480469,40.80264379882812,raw,0.0001,,,27.891857147216797
linear CS beta-conditioned DeepSets FSM,9200,joint,40.442962646484375,40.82554467773438,40.805781616210936,40.80264379882812,raw,0.0001,,,30.640268325805664
linear CS beta-conditioned DeepSets FSM,9300,joint,39.02433776855469,40.800795166015625,40.80145629882813,40.800795166015625,raw,0.0001,,,62.48356246948242
linear CS beta-conditioned DeepSets FSM,9400,joint,41.48776626586914,40.8666279296875,40.800575317382815,40.800575317382815,ema,0.0001,,,59.91786193847656
linear CS beta-conditioned DeepSets FSM,9500,joint,39.057777404785156,40.86224328613281,40.806085205078126,40.800575317382815,ema,0.0001,,,45.9891357421875
linear CS beta-conditioned DeepSets FSM,9600,joint,44.911582946777344,40.8155888671875,40.79595629882812,40.79595629882812,ema,0.0001,,,25.746925354003906
linear CS beta-conditioned DeepSets FSM,9700,joint,47.939918518066406,40.79975891113281,40.78570043945312,40.78570043945312,ema,0.0001,,,51.372711181640625
linear CS beta-conditioned DeepSets FSM,9800,joint,37.86129379272461,40.78665014648438,40.783997314453124,40.783997314453124,ema,0.0001,,,17.967016220092773
linear CS beta-conditioned DeepSets FSM,9900,joint,42.2247314453125,40.76890234375,40.78124206542969,40.76890234375,raw,0.0001,,,61.0429573059082
linear CS beta-conditioned DeepSets FSM,10000,joint,39.36103057861328,40.772813598632816,40.778490234375,40.76890234375,raw,0.0001,,,47.951114654541016
linear CS beta-conditioned DeepSets FSM,10100,joint,36.85907745361328,40.797723266601565,40.7695,40.76890234375,raw,0.0001,,,85.66425323486328
linear CS beta-conditioned DeepSets FSM,10200,joint,48.65818786621094,40.80534008789063,40.770794921875,40.76890234375,raw,0.0001,,,53.09758758544922
linear CS beta-conditioned DeepSets FSM,10300,joint,43.493736267089844,40.780706787109374,40.76853784179688,40.76853784179688,ema,0.0001,,,65.68326568603516
linear CS beta-conditioned DeepSets FSM,10400,joint,41.12743377685547,40.75783081054688,40.76886303710938,40.75783081054688,raw,0.0001,,,24.240234375
linear CS beta-conditioned DeepSets FSM,10500,joint,47.46199417114258,40.76239221191406,40.77028466796875,40.75783081054688,raw,0.0001,,,13.816466331481934
linear CS beta-conditioned DeepSets FSM,10600,joint,48.20026397705078,40.797793579101565,40.77301794433594,40.75783081054688,raw,0.0001,,,87.5141830444336
linear CS beta-conditioned DeepSets FSM,10700,joint,43.333984375,40.77938525390625,40.76634020996094,40.75783081054688,raw,0.0001,,,49.64613723754883
linear CS beta-conditioned DeepSets FSM,10800,joint,38.03369903564453,40.8968720703125,40.76120495605469,40.75783081054688,raw,0.0001,,,21.677576065063477
linear CS beta-conditioned DeepSets FSM,10900,joint,40.28125762939453,40.77310607910156,40.7592099609375,40.75783081054688,raw,0.0001,,,72.77079772949219
linear CS beta-conditioned DeepSets FSM,11000,joint,37.12299346923828,40.87487585449219,40.75648999023438,40.75648999023438,ema,0.0001,,,35.615779876708984
linear CS beta-conditioned DeepSets FSM,11100,joint,44.479671478271484,40.74461279296875,40.749544067382814,40.74461279296875,raw,0.0001,,,35.69411087036133
linear CS beta-conditioned DeepSets FSM,11200,joint,36.87937927246094,40.7571796875,40.74431774902344,40.74431774902344,ema,0.0001,,,52.589454650878906
linear CS beta-conditioned DeepSets FSM,11300,joint,38.023319244384766,40.830212890625,40.73910375976563,40.73910375976563,ema,0.0001,,,43.67551040649414
linear CS beta-conditioned DeepSets FSM,11400,joint,41.54584503173828,40.73863110351562,40.74419091796875,40.73863110351562,raw,0.0001,,,29.926454544067383
linear CS beta-conditioned DeepSets FSM,11500,joint,39.9776611328125,40.7511181640625,40.74712573242188,40.73863110351562,raw,0.0001,,,47.743377685546875
linear CS beta-conditioned DeepSets FSM,11600,joint,39.41307830810547,40.74109558105469,40.73826049804688,40.73826049804688,ema,0.0001,,,26.63100242614746
linear CS beta-conditioned DeepSets FSM,11700,joint,43.22418975830078,40.77236157226562,40.731464965820315,40.731464965820315,ema,0.0001,,,59.376708984375
linear CS beta-conditioned DeepSets FSM,11800,joint,39.312896728515625,40.711365234375,40.73270361328125,40.711365234375,raw,0.0001,,,81.13359069824219
linear CS beta-conditioned DeepSets FSM,11900,joint,45.170936584472656,40.735371215820315,40.72807775878906,40.711365234375,raw,0.0001,,,43.15211868286133
linear CS beta-conditioned DeepSets FSM,12000,joint,40.45020294189453,40.72630029296875,40.73055151367188,40.711365234375,raw,0.0001,,,41.978179931640625
linear CS beta-conditioned DeepSets FSM,12100,joint,42.28076934814453,40.742895141601565,40.72959204101563,40.711365234375,raw,0.0001,,,50.98072052001953
linear CS beta-conditioned DeepSets FSM,12200,joint,39.919918060302734,40.77025646972656,40.732356323242186,40.711365234375,raw,0.0001,,,15.760560035705566
linear CS beta-conditioned DeepSets FSM,12300,joint,34.60850524902344,40.784896728515626,40.71856176757812,40.711365234375,raw,0.0001,,,71.34371948242188
linear CS beta-conditioned DeepSets FSM,12400,joint,42.51164245605469,40.70751171875,40.71551220703125,40.70751171875,raw,0.0001,,,13.303065299987793
linear CS beta-conditioned DeepSets FSM,12500,joint,42.96900177001953,40.818095703125,40.71816040039062,40.70751171875,raw,0.0001,,,39.876441955566406
linear CS beta-conditioned DeepSets FSM,12600,joint,45.87342834472656,40.767251342773434,40.717043701171875,40.70751171875,raw,0.0001,,,12.516585350036621
linear CS beta-conditioned DeepSets FSM,12700,joint,39.293304443359375,40.72853051757812,40.72171850585938,40.70751171875,raw,0.0001,,,32.73942565917969
linear CS beta-conditioned DeepSets FSM,12800,joint,38.27484130859375,40.779636474609376,40.71491235351562,40.70751171875,raw,0.0001,,,28.663280487060547
linear CS beta-conditioned DeepSets FSM,12900,joint,41.771461486816406,40.80433813476562,40.71206384277344,40.70751171875,raw,0.0001,,,48.9337272644043
linear CS beta-conditioned DeepSets FSM,13000,joint,38.278324127197266,40.71341064453125,40.711979858398436,40.70751171875,raw,0.0001,,,56.22044372558594
linear CS beta-conditioned DeepSets FSM,13100,joint,38.22053909301758,40.7086845703125,40.715271850585935,40.70751171875,raw,0.0001,,,34.681522369384766
linear CS beta-conditioned DeepSets FSM,13200,joint,38.57646560668945,40.70228137207031,40.707578247070316,40.70228137207031,raw,0.0001,,,17.652679443359375
linear CS beta-conditioned DeepSets FSM,13300,joint,48.4400749206543,40.72712451171875,40.702480224609374,40.70228137207031,raw,0.0001,,,32.083614349365234
linear CS beta-conditioned DeepSets FSM,13400,joint,45.30708312988281,40.77037121582031,40.70127673339844,40.70127673339844,ema,0.0001,,,53.443214416503906
linear CS beta-conditioned DeepSets FSM,13500,joint,41.446022033691406,40.798228515625,40.69775061035156,40.69775061035156,ema,0.0001,,,8.386724472045898
linear CS beta-conditioned DeepSets FSM,13600,joint,40.2001953125,40.6881943359375,40.697778930664064,40.6881943359375,raw,0.0001,,,27.8718204498291
linear CS beta-conditioned DeepSets FSM,13700,joint,43.20514678955078,40.7331806640625,40.688823486328126,40.6881943359375,raw,0.0001,,,39.71772384643555
linear CS beta-conditioned DeepSets FSM,13800,joint,43.079017639160156,40.717359375,40.6830654296875,40.6830654296875,ema,0.0001,,,7.675070285797119
linear CS beta-conditioned DeepSets FSM,13900,joint,38.48237228393555,40.77476708984375,40.68503271484375,40.6830654296875,ema,0.0001,,,67.28803253173828
linear CS beta-conditioned DeepSets FSM,14000,joint,42.874324798583984,40.77232043457031,40.68851123046875,40.6830654296875,ema,0.0001,,,32.54152297973633
linear CS beta-conditioned DeepSets FSM,14100,joint,42.73755645751953,40.77969152832031,40.68671350097656,40.6830654296875,ema,0.0001,,,28.261653900146484
linear CS beta-conditioned DeepSets FSM,14200,joint,37.906166076660156,40.72249682617188,40.68045483398438,40.68045483398438,ema,0.0001,,,65.8649673461914
linear CS beta-conditioned DeepSets FSM,14300,joint,46.24201202392578,40.77669775390625,40.68360119628906,40.68045483398438,ema,0.0001,,,23.487550735473633
linear CS beta-conditioned DeepSets FSM,14400,joint,40.10441589355469,40.746233642578126,40.68369970703125,40.68045483398438,ema,0.0001,,,44.286922454833984
linear CS beta-conditioned DeepSets FSM,14500,joint,38.94269561767578,40.70366845703125,40.67372302246094,40.67372302246094,ema,0.0001,,,25.466079711914062
linear CS beta-conditioned DeepSets FSM,14600,joint,37.1132926940918,40.65885229492188,40.67328125,40.65885229492188,raw,0.0001,,,52.38331985473633
linear CS beta-conditioned DeepSets FSM,14700,joint,37.11030197143555,40.69703051757813,40.670666015625,40.65885229492188,raw,0.0001,,,31.38079071044922
linear CS beta-conditioned DeepSets FSM,14800,joint,49.787872314453125,40.76487036132813,40.662173095703125,40.65885229492188,raw,0.0001,,,76.33377838134766
linear CS beta-conditioned DeepSets FSM,14900,joint,40.16411209106445,40.6798486328125,40.66379614257813,40.65885229492188,raw,0.0001,,,46.84141159057617
linear CS beta-conditioned DeepSets FSM,15000,joint,37.99181365966797,40.80404357910156,40.66880834960938,40.65885229492188,raw,0.0001,,,21.60820198059082
linear CS beta-conditioned DeepSets FSM,15100,joint,42.850162506103516,40.67182299804688,40.6680908203125,40.65885229492188,raw,0.0001,,,51.8203239440918
linear CS beta-conditioned DeepSets FSM,15200,joint,43.3224983215332,40.66076879882812,40.6620615234375,40.65885229492188,raw,0.0001,,,63.414363861083984
linear CS beta-conditioned DeepSets FSM,15300,joint,44.709014892578125,40.68622119140625,40.66104956054688,40.65885229492188,raw,0.0001,,,28.446809768676758
linear CS beta-conditioned DeepSets FSM,15400,joint,43.135353088378906,40.71520031738281,40.66293383789063,40.65885229492188,raw,0.0001,,,105.19740295410156
linear CS beta-conditioned DeepSets FSM,15500,joint,41.756996154785156,40.77530139160156,40.66279028320312,40.65885229492188,raw,0.0001,,,29.236425399780273
linear CS beta-conditioned DeepSets FSM,15600,joint,37.24201965332031,40.69459130859375,40.65808471679688,40.65808471679688,ema,0.0001,,,32.25867462158203
linear CS beta-conditioned DeepSets FSM,15700,joint,36.004669189453125,40.708720947265626,40.650883178710934,40.650883178710934,ema,0.0001,,,46.13173294067383
linear CS beta-conditioned DeepSets FSM,15800,joint,41.2369384765625,40.765903564453126,40.654882202148436,40.650883178710934,ema,0.0001,,,31.59684181213379
linear CS beta-conditioned DeepSets FSM,15900,joint,42.774513244628906,40.64920361328125,40.65198693847656,40.64920361328125,raw,0.0001,,,109.81673431396484
linear CS beta-conditioned DeepSets FSM,16000,joint,38.03246307373047,40.70964990234375,40.648101440429684,40.648101440429684,ema,0.0001,,,64.35281372070312
linear CS beta-conditioned DeepSets FSM,16100,joint,41.24058532714844,40.797012573242185,40.64191821289062,40.64191821289062,ema,0.0001,,,71.38106536865234
linear CS beta-conditioned DeepSets FSM,16200,joint,47.27583312988281,40.728302368164066,40.64514892578125,40.64191821289062,ema,0.0001,,,81.32144165039062
linear CS beta-conditioned DeepSets FSM,16300,joint,44.82036209106445,40.6500205078125,40.64451293945312,40.64191821289062,ema,0.0001,,,48.92428207397461
linear CS beta-conditioned DeepSets FSM,16400,joint,43.353946685791016,40.790469116210936,40.64585034179687,40.64191821289062,ema,0.0001,,,57.97902297973633
linear CS beta-conditioned DeepSets FSM,16500,joint,39.70893478393555,40.71240405273438,40.64446069335938,40.64191821289062,ema,0.0001,,,66.43778228759766
linear CS beta-conditioned DeepSets FSM,16600,joint,46.13904571533203,40.64886267089844,40.645928588867186,40.64191821289062,ema,0.0001,,,14.245872497558594
linear CS beta-conditioned DeepSets FSM,16700,joint,41.38330841064453,40.63272766113281,40.64352319335938,40.63272766113281,raw,0.0001,,,16.216445922851562
linear CS beta-conditioned DeepSets FSM,16800,joint,41.93600082397461,40.693426879882814,40.64168530273437,40.63272766113281,raw,0.0001,,,10.967019081115723
linear CS beta-conditioned DeepSets FSM,16900,joint,45.833885192871094,40.70943359375,40.65041357421875,40.63272766113281,raw,0.0001,,,61.42301559448242
linear CS beta-conditioned DeepSets FSM,17000,joint,41.31946563720703,40.80204089355469,40.6513466796875,40.63272766113281,raw,0.0001,,,60.09852981567383
linear CS beta-conditioned DeepSets FSM,17100,joint,40.37333679199219,40.6464296875,40.648449340820314,40.63272766113281,raw,0.0001,,,30.217205047607422
linear CS beta-conditioned DeepSets FSM,17200,joint,39.164459228515625,40.7056650390625,40.64628369140625,40.63272766113281,raw,0.0001,,,37.49898147583008
linear CS beta-conditioned DeepSets FSM,17300,joint,42.149879455566406,40.665708984375,40.647082763671875,40.63272766113281,raw,0.0001,,,74.07227325439453
linear CS beta-conditioned DeepSets FSM,17400,joint,40.38874435424805,40.633845336914064,40.64294470214844,40.63272766113281,raw,0.0001,,,48.52541732788086
linear CS beta-conditioned DeepSets FSM,17500,joint,46.54707336425781,40.63186376953125,40.644076171875,40.63186376953125,raw,0.0001,,,19.764766693115234
linear CS beta-conditioned DeepSets FSM,17600,joint,43.75187683105469,40.682510498046874,40.64380517578125,40.63186376953125,raw,0.0001,,,89.5474853515625
linear CS beta-conditioned DeepSets FSM,17700,joint,41.050559997558594,40.65086083984375,40.64598486328125,40.63186376953125,raw,0.0001,,,59.213985443115234
linear CS beta-conditioned DeepSets FSM,17800,joint,43.311668395996094,40.69699194335937,40.64349304199219,40.63186376953125,raw,0.0001,,,48.59579849243164
linear CS beta-conditioned DeepSets FSM,17900,joint,41.83800506591797,40.671002685546874,40.64224145507813,40.63186376953125,raw,0.0001,,,87.43550872802734
linear CS beta-conditioned DeepSets FSM,18000,joint,42.11619567871094,40.656768798828125,40.63810107421875,40.63186376953125,raw,0.0001,,,14.300643920898438
linear CS beta-conditioned DeepSets FSM,18100,joint,43.936073303222656,40.67890673828125,40.63963403320312,40.63186376953125,raw,0.0001,,,56.41640090942383
linear CS beta-conditioned DeepSets FSM,18200,joint,41.77238464355469,40.6478173828125,40.6466103515625,40.63186376953125,raw,0.0001,,,77.30476379394531
linear CS beta-conditioned DeepSets FSM,18300,joint,43.847198486328125,40.797916015625,40.64856335449219,40.63186376953125,raw,0.0001,,,42.67839813232422
linear CS beta-conditioned DeepSets FSM,18400,joint,41.459285736083984,40.70816479492188,40.65133972167969,40.63186376953125,raw,0.0001,,,25.266050338745117
linear CS beta-conditioned DeepSets FSM,18500,joint,41.4243049621582,40.78391064453125,40.64864501953125,40.63186376953125,raw,0.0001,,,51.85377883911133
linear CS beta-conditioned DeepSets FSM,18600,joint,50.605133056640625,40.61818103027344,40.634047485351566,40.61818103027344,raw,0.0001,,,12.37003231048584
linear CS beta-conditioned DeepSets FSM,18700,joint,47.361629486083984,40.676133544921875,40.630055419921874,40.61818103027344,raw,0.0001,,,7.237275123596191
linear CS beta-conditioned DeepSets FSM,18800,joint,41.943546295166016,40.780843994140625,40.62407861328125,40.61818103027344,raw,0.0001,,,40.61582946777344
linear CS beta-conditioned DeepSets FSM,18900,joint,40.907814025878906,40.703231323242186,40.627327880859376,40.61818103027344,raw,0.0001,,,40.74262237548828
linear CS beta-conditioned DeepSets FSM,19000,joint,39.75474548339844,40.702425048828125,40.62044311523437,40.61818103027344,raw,0.0001,,,63.12074279785156
linear CS beta-conditioned DeepSets FSM,19100,joint,44.310150146484375,40.70920288085937,40.622683471679686,40.61818103027344,raw,0.0001,,,38.89906692504883
linear CS beta-conditioned DeepSets FSM,19200,joint,38.31483459472656,40.691412109375,40.624130126953126,40.61818103027344,raw,0.0001,,,17.247791290283203
linear CS beta-conditioned DeepSets FSM,19300,joint,44.636165618896484,40.63269921875,40.62202783203125,40.61818103027344,raw,0.0001,,,69.18031311035156
linear CS beta-conditioned DeepSets FSM,19400,joint,40.85614013671875,40.62843481445312,40.6212568359375,40.61818103027344,raw,0.0001,,,52.09930419921875
linear CS beta-conditioned DeepSets FSM,19500,joint,40.38323211669922,40.62163818359375,40.619441162109375,40.61818103027344,raw,0.0001,,,56.021873474121094
linear CS beta-conditioned DeepSets FSM,19600,joint,39.374263763427734,40.617297241210935,40.61746008300781,40.617297241210935,raw,0.0001,,,100.5918197631836
linear CS beta-conditioned DeepSets FSM,19700,joint,38.285484313964844,40.65359716796875,40.61772119140625,40.617297241210935,raw,0.0001,,,18.734060287475586
linear CS beta-conditioned DeepSets FSM,19800,joint,42.20231628417969,40.61144055175781,40.62195141601563,40.61144055175781,raw,0.0001,,,79.38726806640625
linear CS beta-conditioned DeepSets FSM,19900,joint,42.38307571411133,40.619093627929686,40.62719213867187,40.61144055175781,raw,0.0001,,,53.16220474243164
linear CS beta-conditioned DeepSets FSM,20000,joint,40.03371810913086,40.621787963867185,40.620439697265624,40.61144055175781,raw,0.0001,,,40.38512420654297
shared-raw-gate CS beta-conditioned gate+DeepSets FSM [matched_random],0,joint,52.26084130859375,52.26084130859375,52.26084130859375,52.26084130859375,raw,,0.0001,0.0,
shared-raw-gate CS beta-conditioned gate+DeepSets FSM [matched_random],1,joint,58.95338821411133,51.5866982421875,52.25740380859375,51.5866982421875,raw,,0.0001,0.0001,328.08184814453125
shared-raw-gate CS beta-conditioned gate+DeepSets FSM [matched_random],100,joint,46.64328384399414,42.14481628417969,46.71379052734375,42.14481628417969,raw,,0.0001,0.0001,48.51189422607422
shared-raw-gate CS beta-conditioned gate+DeepSets FSM [matched_random],200,joint,39.89238739013672,41.855251708984376,43.8334111328125,41.855251708984376,raw,,0.0001,0.0001,36.579002380371094
shared-raw-gate CS beta-conditioned gate+DeepSets FSM [matched_random],300,joint,43.33737564086914,41.70745703125,42.62299731445312,41.70745703125,raw,,0.0001,0.0001,25.649259567260742
shared-raw-gate CS beta-conditioned gate+DeepSets FSM [matched_random],400,joint,44.56988525390625,41.613627685546874,42.06552954101563,41.613627685546874,raw,,0.0001,0.0001,32.482261657714844
shared-raw-gate CS beta-conditioned gate+DeepSets FSM [matched_random],500,joint,44.10234451293945,41.54316821289063,41.80921398925781,41.54316821289063,raw,,0.0001,0.0001,34.17403030395508
shared-raw-gate CS beta-conditioned gate+DeepSets FSM [matched_random],600,joint,42.350101470947266,41.49355261230469,41.667662353515624,41.49355261230469,raw,,0.0001,0.0001,56.759342193603516
shared-raw-gate CS beta-conditioned gate+DeepSets FSM [matched_random],700,joint,37.82795715332031,41.47718273925781,41.57689111328125,41.47718273925781,raw,,0.0001,0.0001,42.56098556518555
shared-raw-gate CS beta-conditioned gate+DeepSets FSM [matched_random],800,joint,42.72134017944336,41.42724230957031,41.50556298828125,41.42724230957031,raw,,0.0001,0.0001,20.9114933013916
shared-raw-gate CS beta-conditioned gate+DeepSets FSM [matched_random],900,joint,39.353790283203125,41.404373046875,41.465203857421876,41.404373046875,raw,,0.0001,0.0001,51.188331604003906
shared-raw-gate CS beta-conditioned gate+DeepSets FSM [matched_random],1000,joint,40.941497802734375,41.390542724609375,41.429479248046874,41.390542724609375,raw,,0.0001,0.0001,16.11916160583496
shared-raw-gate CS beta-conditioned gate+DeepSets FSM [matched_random],1100,joint,44.59665298461914,41.354001953125,41.41120141601562,41.354001953125,raw,,0.0001,0.0001,33.25360870361328
shared-raw-gate CS beta-conditioned gate+DeepSets FSM [matched_random],1200,joint,40.86769485473633,41.360521118164066,41.381742797851565,41.354001953125,raw,,0.0001,0.0001,23.941810607910156
shared-raw-gate CS beta-conditioned gate+DeepSets FSM [matched_random],1300,joint,45.73353958129883,41.35519519042969,41.36158508300781,41.354001953125,raw,,0.0001,0.0001,6.678857803344727
shared-raw-gate CS beta-conditioned gate+DeepSets FSM [matched_random],1400,joint,40.746910095214844,41.30320434570312,41.345634033203126,41.30320434570312,raw,,0.0001,0.0001,9.363991737365723
shared-raw-gate CS beta-conditioned gate+DeepSets FSM [matched_random],1500,joint,47.03514099121094,41.3180546875,41.325410888671875,41.30320434570312,raw,,0.0001,0.0001,52.320804595947266
shared-raw-gate CS beta-conditioned gate+DeepSets FSM [matched_random],1600,joint,44.75210952758789,41.268380004882815,41.30753930664063,41.268380004882815,raw,,0.0001,0.0001,38.13642120361328
shared-raw-gate CS beta-conditioned gate+DeepSets FSM [matched_random],1700,joint,38.771026611328125,41.26502722167969,41.29346923828125,41.26502722167969,raw,,0.0001,0.0001,54.43581008911133
shared-raw-gate CS beta-conditioned gate+DeepSets FSM [matched_random],1800,joint,38.23273468017578,41.30251391601563,41.28093334960938,41.26502722167969,raw,,0.0001,0.0001,18.0648136138916
shared-raw-gate CS beta-conditioned gate+DeepSets FSM [matched_random],1900,joint,42.49755859375,41.237934692382815,41.26114611816406,41.237934692382815,raw,,0.0001,0.0001,36.241092681884766
shared-raw-gate CS beta-conditioned gate+DeepSets FSM [matched_random],2000,joint,39.2584228515625,41.22475244140625,41.250383666992185,41.22475244140625,raw,,0.0001,0.0001,68.24240112304688
shared-raw-gate CS beta-conditioned gate+DeepSets FSM [matched_random],2100,joint,41.90592956542969,41.29462438964844,41.236911865234376,41.22475244140625,raw,,0.0001,0.0001,36.15139389038086
shared-raw-gate CS beta-conditioned gate+DeepSets FSM [matched_random],2200,joint,42.181304931640625,41.28880224609375,41.218091796875,41.218091796875,ema,,0.0001,0.0001,41.79875564575195
shared-raw-gate CS beta-conditioned gate+DeepSets FSM [matched_random],2300,joint,42.405147552490234,41.26956591796875,41.20763427734375,41.20763427734375,ema,,0.0001,0.0001,21.70412826538086
shared-raw-gate CS beta-conditioned gate+DeepSets FSM [matched_random],2400,joint,39.84759521484375,41.28602416992187,41.191190795898436,41.191190795898436,ema,,0.0001,0.0001,55.1301383972168
shared-raw-gate CS beta-conditioned gate+DeepSets FSM [matched_random],2500,joint,41.489158630371094,41.169994873046875,41.18151086425781,41.169994873046875,raw,,0.0001,0.0001,32.916046142578125
shared-raw-gate CS beta-conditioned gate+DeepSets FSM [matched_random],2600,joint,44.01558303833008,41.226541259765625,41.17671630859375,41.169994873046875,raw,,0.0001,0.0001,6.650822639465332
shared-raw-gate CS beta-conditioned gate+DeepSets FSM [matched_random],2700,joint,45.97276306152344,41.14423364257812,41.155783203125,41.14423364257812,raw,,0.0001,0.0001,23.756284713745117
shared-raw-gate CS beta-conditioned gate+DeepSets FSM [matched_random],2800,joint,38.59862518310547,41.166352905273435,41.15154895019531,41.14423364257812,raw,,0.0001,0.0001,48.12818145751953
shared-raw-gate CS beta-conditioned gate+DeepSets FSM [matched_random],2900,joint,42.92247772216797,41.10010913085937,41.12792956542969,41.10010913085937,raw,,0.0001,0.0001,60.07915496826172
shared-raw-gate CS beta-conditioned gate+DeepSets FSM [matched_random],3000,joint,46.581214904785156,41.137890625,41.1159248046875,41.10010913085937,raw,,0.0001,0.0001,39.39180374145508
shared-raw-gate CS beta-conditioned gate+DeepSets FSM [matched_random],3100,joint,43.38134765625,41.07231982421875,41.10402111816406,41.07231982421875,raw,,0.0001,0.0001,48.86586380004883
shared-raw-gate CS beta-conditioned gate+DeepSets FSM [matched_random],3200,joint,43.98382568359375,41.09007153320312,41.09389428710937,41.07231982421875,raw,,0.0001,0.0001,10.649439811706543
shared-raw-gate CS beta-conditioned gate+DeepSets FSM [matched_random],3300,joint,40.332157135009766,41.130155883789065,41.08396008300781,41.07231982421875,raw,,0.0001,0.0001,32.496524810791016
shared-raw-gate CS beta-conditioned gate+DeepSets FSM [matched_random],3400,joint,42.25916290283203,41.0661611328125,41.07266003417969,41.0661611328125,raw,,0.0001,0.0001,41.80442810058594
shared-raw-gate CS beta-conditioned gate+DeepSets FSM [matched_random],3500,joint,39.896644592285156,41.03274755859375,41.06246069335938,41.03274755859375,raw,,0.0001,0.0001,22.07054328918457
shared-raw-gate CS beta-conditioned gate+DeepSets FSM [matched_random],3600,joint,42.10836410522461,41.073074462890624,41.0444931640625,41.03274755859375,raw,,0.0001,0.0001,17.07051658630371
shared-raw-gate CS beta-conditioned gate+DeepSets FSM [matched_random],3700,joint,39.753265380859375,41.02738830566406,41.03494360351562,41.02738830566406,raw,,0.0001,0.0001,44.8956184387207
shared-raw-gate CS beta-conditioned gate+DeepSets FSM [matched_random],3800,joint,46.602195739746094,41.009498291015625,41.0217265625,41.009498291015625,raw,,0.0001,0.0001,31.964948654174805
shared-raw-gate CS beta-conditioned gate+DeepSets FSM [matched_random],3900,joint,42.573692321777344,40.97482763671875,41.01109619140625,40.97482763671875,raw,,0.0001,0.0001,28.1887149810791
shared-raw-gate CS beta-conditioned gate+DeepSets FSM [matched_random],4000,joint,37.715171813964844,40.96999304199219,40.996914184570315,40.96999304199219,raw,,0.0001,0.0001,36.35195541381836
shared-raw-gate CS beta-conditioned gate+DeepSets FSM [matched_random],4100,joint,41.88145446777344,41.04069409179687,40.98457250976563,40.96999304199219,raw,,0.0001,0.0001,58.2518196105957
shared-raw-gate CS beta-conditioned gate+DeepSets FSM [matched_random],4200,joint,37.07500076293945,40.976568359375,40.97990869140625,40.96999304199219,raw,,0.0001,0.0001,13.917561531066895
shared-raw-gate CS beta-conditioned gate+DeepSets FSM [matched_random],4300,joint,40.042335510253906,41.044168334960936,40.96528161621094,40.96528161621094,ema,,0.0001,0.0001,55.584468841552734
shared-raw-gate CS beta-conditioned gate+DeepSets FSM [matched_random],4400,joint,35.98118591308594,40.9035263671875,40.94273754882813,40.9035263671875,raw,,0.0001,0.0001,32.60255813598633
shared-raw-gate CS beta-conditioned gate+DeepSets FSM [matched_random],4500,joint,41.71788024902344,40.90347216796875,40.92633203125,40.90347216796875,raw,,0.0001,0.0001,25.286619186401367
shared-raw-gate CS beta-conditioned gate+DeepSets FSM [matched_random],4600,joint,40.73871994018555,40.90189782714844,40.91758251953125,40.90189782714844,raw,,0.0001,0.0001,42.75084686279297
shared-raw-gate CS beta-conditioned gate+DeepSets FSM [matched_random],4700,joint,43.63301086425781,41.02673718261719,40.90430407714844,40.90189782714844,raw,,0.0001,0.0001,7.528049945831299
shared-raw-gate CS beta-conditioned gate+DeepSets FSM [matched_random],4800,joint,44.67493438720703,40.93516552734375,40.89386962890625,40.89386962890625,ema,,0.0001,0.0001,50.658416748046875
shared-raw-gate CS beta-conditioned gate+DeepSets FSM [matched_random],4900,joint,37.77356719970703,40.91977783203125,40.878637329101565,40.878637329101565,ema,,0.0001,0.0001,28.951053619384766
shared-raw-gate CS beta-conditioned gate+DeepSets FSM [matched_random],5000,joint,43.58610534667969,40.83530114746094,40.86615283203125,40.83530114746094,raw,,0.0001,0.0001,51.357452392578125
shared-raw-gate CS beta-conditioned gate+DeepSets FSM [matched_random],5100,joint,43.25358963012695,40.88320483398437,40.85578149414062,40.83530114746094,raw,,0.0001,0.0001,15.455254554748535
shared-raw-gate CS beta-conditioned gate+DeepSets FSM [matched_random],5200,joint,40.5518913269043,40.820521484375,40.836600830078126,40.820521484375,raw,,0.0001,0.0001,35.17860412597656
shared-raw-gate CS beta-conditioned gate+DeepSets FSM [matched_random],5300,joint,42.84375,40.83038171386719,40.8187666015625,40.8187666015625,ema,,0.0001,0.0001,60.39837646484375
shared-raw-gate CS beta-conditioned gate+DeepSets FSM [matched_random],5400,joint,41.001930236816406,40.8685166015625,40.80765625,40.80765625,ema,,0.0001,0.0001,30.942758560180664
shared-raw-gate CS beta-conditioned gate+DeepSets FSM [matched_random],5500,joint,42.44806671142578,40.77871423339844,40.79316162109375,40.77871423339844,raw,,0.0001,0.0001,54.784080505371094
shared-raw-gate CS beta-conditioned gate+DeepSets FSM [matched_random],5600,joint,45.24889373779297,40.782911865234375,40.7813154296875,40.77871423339844,raw,,0.0001,0.0001,27.754756927490234
shared-raw-gate CS beta-conditioned gate+DeepSets FSM [matched_random],5700,joint,41.85356903076172,40.76029235839844,40.76863439941406,40.76029235839844,raw,,0.0001,0.0001,51.201698303222656
shared-raw-gate CS beta-conditioned gate+DeepSets FSM [matched_random],5800,joint,39.86767578125,40.87273291015625,40.7594990234375,40.7594990234375,ema,,0.0001,0.0001,59.43016052246094
shared-raw-gate CS beta-conditioned gate+DeepSets FSM [matched_random],5900,joint,43.060813903808594,40.75587951660156,40.74037268066406,40.74037268066406,ema,,0.0001,0.0001,26.201078414916992
shared-raw-gate CS beta-conditioned gate+DeepSets FSM [matched_random],6000,joint,42.98804473876953,40.73248229980469,40.72877685546875,40.72877685546875,ema,,0.0001,0.0001,16.671525955200195
shared-raw-gate CS beta-conditioned gate+DeepSets FSM [matched_random],6100,joint,41.02135467529297,40.74325122070312,40.721662109375,40.721662109375,ema,,0.0001,0.0001,66.71322631835938
shared-raw-gate CS beta-conditioned gate+DeepSets FSM [matched_random],6200,joint,44.410823822021484,40.68694299316406,40.707025390625,40.68694299316406,raw,,0.0001,0.0001,40.778709411621094
shared-raw-gate CS beta-conditioned gate+DeepSets FSM [matched_random],6300,joint,39.36656951904297,40.712943603515626,40.69759838867188,40.68694299316406,raw,,0.0001,0.0001,67.25321197509766
shared-raw-gate CS beta-conditioned gate+DeepSets FSM [matched_random],6400,joint,46.954429626464844,40.75889196777344,40.692611450195315,40.68694299316406,raw,,0.0001,0.0001,66.96124267578125
shared-raw-gate CS beta-conditioned gate+DeepSets FSM [matched_random],6500,joint,42.130645751953125,40.69618334960938,40.688518310546876,40.68694299316406,raw,,0.0001,0.0001,41.44365310668945
shared-raw-gate CS beta-conditioned gate+DeepSets FSM [matched_random],6600,joint,44.55537796020508,40.678763793945315,40.69227783203125,40.678763793945315,raw,,0.0001,0.0001,35.33504104614258
shared-raw-gate CS beta-conditioned gate+DeepSets FSM [matched_random],6700,joint,35.99953842163086,40.636867431640624,40.67938049316406,40.636867431640624,raw,,0.0001,0.0001,40.99594497680664
shared-raw-gate CS beta-conditioned gate+DeepSets FSM [matched_random],6800,joint,39.79629898071289,40.65273071289062,40.668816650390625,40.636867431640624,raw,,0.0001,0.0001,31.0100040435791
shared-raw-gate CS beta-conditioned gate+DeepSets FSM [matched_random],6900,joint,43.49781799316406,40.786936279296874,40.664799560546875,40.636867431640624,raw,,0.0001,0.0001,33.16323471069336
shared-raw-gate CS beta-conditioned gate+DeepSets FSM [matched_random],7000,joint,35.81401062011719,40.6274189453125,40.66337475585937,40.6274189453125,raw,,0.0001,0.0001,18.393199920654297
shared-raw-gate CS beta-conditioned gate+DeepSets FSM [matched_random],7100,joint,38.92561721801758,40.61178662109375,40.643111328125,40.61178662109375,raw,,0.0001,0.0001,25.161195755004883
shared-raw-gate CS beta-conditioned gate+DeepSets FSM [matched_random],7200,joint,41.587791442871094,40.622696533203126,40.62766137695313,40.61178662109375,raw,,0.0001,0.0001,45.53615188598633
shared-raw-gate CS beta-conditioned gate+DeepSets FSM [matched_random],7300,joint,42.82450485229492,40.6040302734375,40.62213305664063,40.6040302734375,raw,,0.0001,0.0001,46.371986389160156
shared-raw-gate CS beta-conditioned gate+DeepSets FSM [matched_random],7400,joint,38.44294738769531,40.777457275390624,40.62005786132813,40.6040302734375,raw,,0.0001,0.0001,128.27699279785156
shared-raw-gate CS beta-conditioned gate+DeepSets FSM [matched_random],7500,joint,38.19166564941406,40.58811828613281,40.6133505859375,40.58811828613281,raw,,0.0001,0.0001,49.77131271362305
shared-raw-gate CS beta-conditioned gate+DeepSets FSM [matched_random],7600,joint,40.43428421020508,40.593525634765626,40.60473583984375,40.58811828613281,raw,,0.0001,0.0001,21.918230056762695
shared-raw-gate CS beta-conditioned gate+DeepSets FSM [matched_random],7700,joint,41.08232879638672,40.600915771484374,40.59918994140625,40.58811828613281,raw,,0.0001,0.0001,18.282859802246094
shared-raw-gate CS beta-conditioned gate+DeepSets FSM [matched_random],7800,joint,37.85297393798828,40.72375073242188,40.593492065429686,40.58811828613281,raw,,0.0001,0.0001,51.38100051879883
shared-raw-gate CS beta-conditioned gate+DeepSets FSM [matched_random],7900,joint,42.36992645263672,40.604757934570316,40.58880053710938,40.58811828613281,raw,,0.0001,0.0001,25.63011360168457
shared-raw-gate CS beta-conditioned gate+DeepSets FSM [matched_random],8000,joint,40.7469367980957,40.60172875976563,40.585518798828126,40.585518798828126,ema,,0.0001,0.0001,24.183717727661133
shared-raw-gate CS beta-conditioned gate+DeepSets FSM [matched_random],8100,joint,40.8883056640625,40.65235266113281,40.58523779296875,40.58523779296875,ema,,0.0001,0.0001,40.048431396484375
shared-raw-gate CS beta-conditioned gate+DeepSets FSM [matched_random],8200,joint,43.64801788330078,40.588180053710936,40.58340954589844,40.58340954589844,ema,,0.0001,0.0001,43.29833221435547
shared-raw-gate CS beta-conditioned gate+DeepSets FSM [matched_random],8300,joint,45.95866012573242,40.57129272460938,40.577147216796874,40.57129272460938,raw,,0.0001,0.0001,22.400938034057617
shared-raw-gate CS beta-conditioned gate+DeepSets FSM [matched_random],8400,joint,36.680519104003906,40.580562133789066,40.575739624023434,40.57129272460938,raw,,0.0001,0.0001,99.91592407226562
shared-raw-gate CS beta-conditioned gate+DeepSets FSM [matched_random],8500,joint,38.503639221191406,40.58176513671875,40.572202270507816,40.57129272460938,raw,,0.0001,0.0001,16.99370002746582
shared-raw-gate CS beta-conditioned gate+DeepSets FSM [matched_random],8600,joint,44.354248046875,40.5721943359375,40.58079748535156,40.57129272460938,raw,,0.0001,0.0001,28.653024673461914
shared-raw-gate CS beta-conditioned gate+DeepSets FSM [matched_random],8700,joint,36.854591369628906,40.731862182617185,40.57561889648437,40.57129272460938,raw,,0.0001,0.0001,29.846128463745117
shared-raw-gate CS beta-conditioned gate+DeepSets FSM [matched_random],8800,joint,42.82276153564453,40.614460693359376,40.56906237792969,40.56906237792969,ema,,0.0001,0.0001,67.07491302490234
shared-raw-gate CS beta-conditioned gate+DeepSets FSM [matched_random],8900,joint,42.195438385009766,40.53989697265625,40.56413720703125,40.53989697265625,raw,,0.0001,0.0001,15.085441589355469
shared-raw-gate CS beta-conditioned gate+DeepSets FSM [matched_random],9000,joint,39.329925537109375,40.558982421875,40.5572978515625,40.53989697265625,raw,,0.0001,0.0001,45.01285934448242
shared-raw-gate CS beta-conditioned gate+DeepSets FSM [matched_random],9100,joint,38.508888244628906,40.541525390625,40.55395483398438,40.53989697265625,raw,,0.0001,0.0001,24.95271873474121
shared-raw-gate CS beta-conditioned gate+DeepSets FSM [matched_random],9200,joint,40.03590393066406,40.59124194335938,40.54762390136719,40.53989697265625,raw,,0.0001,0.0001,27.573209762573242
shared-raw-gate CS beta-conditioned gate+DeepSets FSM [matched_random],9300,joint,38.38349914550781,40.56011962890625,40.546049438476565,40.53989697265625,raw,,0.0001,0.0001,67.39604187011719
shared-raw-gate CS beta-conditioned gate+DeepSets FSM [matched_random],9400,joint,41.016082763671875,40.5699130859375,40.54509375,40.53989697265625,raw,,0.0001,0.0001,60.12417984008789
shared-raw-gate CS beta-conditioned gate+DeepSets FSM [matched_random],9500,joint,38.789222717285156,40.6204794921875,40.5516953125,40.53989697265625,raw,,0.0001,0.0001,70.80157470703125
shared-raw-gate CS beta-conditioned gate+DeepSets FSM [matched_random],9600,joint,44.28901672363281,40.6408642578125,40.543513427734375,40.53989697265625,raw,,0.0001,0.0001,51.282413482666016
shared-raw-gate CS beta-conditioned gate+DeepSets FSM [matched_random],9700,joint,47.18766784667969,40.56905102539063,40.5351064453125,40.5351064453125,ema,,0.0001,0.0001,68.04329681396484
shared-raw-gate CS beta-conditioned gate+DeepSets FSM [matched_random],9800,joint,37.345924377441406,40.55101220703125,40.534992919921876,40.534992919921876,ema,,0.0001,0.0001,18.659835815429688
shared-raw-gate CS beta-conditioned gate+DeepSets FSM [matched_random],9900,joint,41.83442306518555,40.58349243164062,40.5337275390625,40.5337275390625,ema,,0.0001,0.0001,46.39631271362305
shared-raw-gate CS beta-conditioned gate+DeepSets FSM [matched_random],10000,joint,39.37107849121094,40.56924365234375,40.53457861328125,40.5337275390625,ema,,0.0001,0.0001,43.74668884277344
shared-raw-gate CS beta-conditioned gate+DeepSets FSM [matched_random],10100,joint,36.95920944213867,40.58327954101563,40.53202392578125,40.53202392578125,ema,,0.0001,0.0001,81.44315338134766
shared-raw-gate CS beta-conditioned gate+DeepSets FSM [matched_random],10200,joint,48.603790283203125,40.630177490234374,40.53848901367188,40.53202392578125,ema,,0.0001,0.0001,46.28801345825195
shared-raw-gate CS beta-conditioned gate+DeepSets FSM [matched_random],10300,joint,43.15534210205078,40.59197290039062,40.53178442382813,40.53178442382813,ema,,0.0001,0.0001,68.73837280273438
shared-raw-gate CS beta-conditioned gate+DeepSets FSM [matched_random],10400,joint,40.715614318847656,40.54022570800781,40.53398400878906,40.53178442382813,ema,,0.0001,0.0001,20.571870803833008
shared-raw-gate CS beta-conditioned gate+DeepSets FSM [matched_random],10500,joint,47.07814407348633,40.559257080078126,40.53915258789063,40.53178442382813,ema,,0.0001,0.0001,26.7089786529541
shared-raw-gate CS beta-conditioned gate+DeepSets FSM [matched_random],10600,joint,47.99818420410156,40.6036162109375,40.54367846679688,40.53178442382813,ema,,0.0001,0.0001,80.36029052734375
shared-raw-gate CS beta-conditioned gate+DeepSets FSM [matched_random],10700,joint,43.171791076660156,40.64507165527344,40.54195666503906,40.53178442382813,ema,,0.0001,0.0001,71.08829498291016
shared-raw-gate CS beta-conditioned gate+DeepSets FSM [matched_random],10800,joint,37.33506774902344,40.59644384765625,40.536746215820315,40.53178442382813,ema,,0.0001,0.0001,40.1353759765625
shared-raw-gate CS beta-conditioned gate+DeepSets FSM [matched_random],10900,joint,39.70976257324219,40.57231066894531,40.53736791992188,40.53178442382813,ema,,0.0001,0.0001,89.589599609375
shared-raw-gate CS beta-conditioned gate+DeepSets FSM [matched_random],11000,joint,36.68151092529297,40.66258740234375,40.538653076171876,40.53178442382813,ema,,0.0001,0.0001,63.82900619506836
shared-raw-gate CS beta-conditioned gate+DeepSets FSM [matched_random],11100,joint,44.5665397644043,40.529899169921876,40.5343017578125,40.529899169921876,raw,,0.0001,0.0001,54.36600112915039
shared-raw-gate CS beta-conditioned gate+DeepSets FSM [matched_random],11200,joint,36.83354187011719,40.54672021484375,40.52765270996094,40.52765270996094,ema,,0.0001,0.0001,56.763980865478516
shared-raw-gate CS beta-conditioned gate+DeepSets FSM [matched_random],11300,joint,37.95233917236328,40.65685717773437,40.52551940917969,40.52551940917969,ema,,0.0001,0.0001,42.769771575927734
shared-raw-gate CS beta-conditioned gate+DeepSets FSM [matched_random],11400,joint,41.59168243408203,40.55487646484375,40.53266137695312,40.52551940917969,ema,,0.0001,0.0001,62.16364669799805
shared-raw-gate CS beta-conditioned gate+DeepSets FSM [matched_random],11500,joint,39.30370330810547,40.53470715332031,40.5331298828125,40.52551940917969,ema,,0.0001,0.0001,34.58510208129883
shared-raw-gate CS beta-conditioned gate+DeepSets FSM [matched_random],11600,joint,39.18632507324219,40.51493505859375,40.5249365234375,40.51493505859375,raw,,0.0001,0.0001,31.161788940429688
shared-raw-gate CS beta-conditioned gate+DeepSets FSM [matched_random],11700,joint,42.97293472290039,40.53939794921875,40.51952587890625,40.51493505859375,raw,,0.0001,0.0001,60.52279281616211
shared-raw-gate CS beta-conditioned gate+DeepSets FSM [matched_random],11800,joint,39.310001373291016,40.49700146484375,40.5209384765625,40.49700146484375,raw,,0.0001,0.0001,81.62474060058594
shared-raw-gate CS beta-conditioned gate+DeepSets FSM [matched_random],11900,joint,44.565887451171875,40.52774072265625,40.519689208984374,40.49700146484375,raw,,0.0001,0.0001,56.25519561767578
shared-raw-gate CS beta-conditioned gate+DeepSets FSM [matched_random],12000,joint,40.369346618652344,40.510323364257815,40.52459375,40.49700146484375,raw,,0.0001,0.0001,36.3359375
shared-raw-gate CS beta-conditioned gate+DeepSets FSM [matched_random],12100,joint,41.75477600097656,40.57879150390625,40.5266279296875,40.49700146484375,raw,,0.0001,0.0001,60.69622039794922
shared-raw-gate CS beta-conditioned gate+DeepSets FSM [matched_random],12200,joint,39.778255462646484,40.54628308105469,40.530380859375,40.49700146484375,raw,,0.0001,0.0001,22.089990615844727
shared-raw-gate CS beta-conditioned gate+DeepSets FSM [matched_random],12300,joint,34.295127868652344,40.61127416992188,40.51848193359375,40.49700146484375,raw,,0.0001,0.0001,79.9953842163086
shared-raw-gate CS beta-conditioned gate+DeepSets FSM [matched_random],12400,joint,42.443359375,40.51310070800781,40.515677490234374,40.49700146484375,raw,,0.0001,0.0001,14.180923461914062
shared-raw-gate CS beta-conditioned gate+DeepSets FSM [matched_random],12500,joint,42.557769775390625,40.635724853515626,40.52076904296875,40.49700146484375,raw,,0.0001,0.0001,62.437068939208984
shared-raw-gate CS beta-conditioned gate+DeepSets FSM [matched_random],12600,joint,45.57652282714844,40.594596435546876,40.51964892578125,40.49700146484375,raw,,0.0001,0.0001,43.96760559082031
shared-raw-gate CS beta-conditioned gate+DeepSets FSM [matched_random],12700,joint,39.432777404785156,40.55052258300781,40.52373901367187,40.49700146484375,raw,,0.0001,0.0001,37.1613655090332
shared-raw-gate CS beta-conditioned gate+DeepSets FSM [matched_random],12800,joint,38.29300308227539,40.60467785644531,40.52122924804687,40.49700146484375,raw,,0.0001,0.0001,43.331607818603516
shared-raw-gate CS beta-conditioned gate+DeepSets FSM [matched_random],12900,joint,41.15530014038086,40.60958801269531,40.51950927734375,40.49700146484375,raw,,0.0001,0.0001,37.06525802612305
shared-raw-gate CS beta-conditioned gate+DeepSets FSM [matched_random],13000,joint,37.8074836730957,40.53261328125,40.51731884765625,40.49700146484375,raw,,0.0001,0.0001,55.75767517089844
shared-raw-gate CS beta-conditioned gate+DeepSets FSM [matched_random],13100,joint,37.96924591064453,40.53078076171875,40.52657861328125,40.49700146484375,raw,,0.0001,0.0001,31.78031349182129
shared-raw-gate CS beta-conditioned gate+DeepSets FSM [matched_random],13200,joint,37.85551452636719,40.55027478027344,40.51922387695313,40.49700146484375,raw,,0.0001,0.0001,45.48760986328125
shared-raw-gate CS beta-conditioned gate+DeepSets FSM [matched_random],13300,joint,47.84076690673828,40.55721020507813,40.51667041015625,40.49700146484375,raw,,0.0001,0.0001,28.471721649169922
shared-raw-gate CS beta-conditioned gate+DeepSets FSM [matched_random],13400,joint,45.229759216308594,40.61050170898437,40.52013061523437,40.49700146484375,raw,,0.0001,0.0001,70.73810577392578
shared-raw-gate CS beta-conditioned gate+DeepSets FSM [matched_random],13500,joint,41.64415740966797,40.65366552734375,40.517242797851566,40.49700146484375,raw,,0.0001,0.0001,15.723750114440918
shared-raw-gate CS beta-conditioned gate+DeepSets FSM [matched_random],13600,joint,39.669212341308594,40.504380615234375,40.513467529296875,40.49700146484375,raw,,0.0001,0.0001,32.48173904418945
shared-raw-gate CS beta-conditioned gate+DeepSets FSM [matched_random],13700,joint,42.78999710083008,40.55240966796875,40.505947021484374,40.49700146484375,raw,,0.0001,0.0001,34.920936584472656
shared-raw-gate CS beta-conditioned gate+DeepSets FSM [matched_random],13800,joint,42.761043548583984,40.515568969726566,40.50191223144531,40.49700146484375,raw,,0.0001,0.0001,29.154354095458984
shared-raw-gate CS beta-conditioned gate+DeepSets FSM [matched_random],13900,joint,38.60109329223633,40.597976806640624,40.507735717773436,40.49700146484375,raw,,0.0001,0.0001,74.12125396728516
shared-raw-gate CS beta-conditioned gate+DeepSets FSM [matched_random],14000,joint,42.6317024230957,40.59944140625,40.516002807617184,40.49700146484375,raw,,0.0001,0.0001,30.267547607421875
shared-raw-gate CS beta-conditioned gate+DeepSets FSM [matched_random],14100,joint,42.123146057128906,40.59324853515625,40.51666748046875,40.49700146484375,raw,,0.0001,0.0001,20.39490509033203
shared-raw-gate CS beta-conditioned gate+DeepSets FSM [matched_random],14200,joint,38.03559112548828,40.52734130859375,40.51042224121094,40.49700146484375,raw,,0.0001,0.0001,90.13116455078125
shared-raw-gate CS beta-conditioned gate+DeepSets FSM [matched_random],14300,joint,45.49488830566406,40.552152587890625,40.51031909179687,40.49700146484375,raw,,0.0001,0.0001,36.7473030090332
shared-raw-gate CS beta-conditioned gate+DeepSets FSM [matched_random],14400,joint,39.99128723144531,40.60102392578125,40.50813134765625,40.49700146484375,raw,,0.0001,0.0001,64.08338165283203
shared-raw-gate CS beta-conditioned gate+DeepSets FSM [matched_random],14500,joint,38.21432113647461,40.607037841796874,40.500239501953125,40.49700146484375,raw,,0.0001,0.0001,25.662639617919922
shared-raw-gate CS beta-conditioned gate+DeepSets FSM [matched_random],14600,joint,37.07180404663086,40.5063330078125,40.49940991210938,40.49700146484375,raw,,0.0001,0.0001,79.05287170410156
shared-raw-gate CS beta-conditioned gate+DeepSets FSM [matched_random],14700,joint,36.990455627441406,40.5689677734375,40.499056640625,40.49700146484375,raw,,0.0001,0.0001,60.957847595214844
shared-raw-gate CS beta-conditioned gate+DeepSets FSM [matched_random],14800,joint,50.031150817871094,40.595136474609376,40.49157763671875,40.49157763671875,ema,,0.0001,0.0001,126.12135314941406
shared-raw-gate CS beta-conditioned gate+DeepSets FSM [matched_random],14900,joint,40.21919250488281,40.502796020507816,40.4935283203125,40.49157763671875,ema,,0.0001,0.0001,61.0947380065918
shared-raw-gate CS beta-conditioned gate+DeepSets FSM [matched_random],15000,joint,37.69035339355469,40.7125205078125,40.50093896484375,40.49157763671875,ema,,0.0001,0.0001,36.96187973022461
shared-raw-gate CS beta-conditioned gate+DeepSets FSM [matched_random],15100,joint,42.70929718017578,40.50883410644531,40.50457006835938,40.49157763671875,ema,,0.0001,0.0001,48.80624771118164
shared-raw-gate CS beta-conditioned gate+DeepSets FSM [matched_random],15200,joint,42.99620056152344,40.49200573730469,40.500296875,40.49157763671875,ema,,0.0001,0.0001,95.25675964355469
shared-raw-gate CS beta-conditioned gate+DeepSets FSM [matched_random],15300,joint,44.652099609375,40.5123955078125,40.49746948242188,40.49157763671875,ema,,0.0001,0.0001,34.969852447509766
shared-raw-gate CS beta-conditioned gate+DeepSets FSM [matched_random],15400,joint,43.04206848144531,40.56152099609375,40.500666748046875,40.49157763671875,ema,,0.0001,0.0001,127.75360870361328
shared-raw-gate CS beta-conditioned gate+DeepSets FSM [matched_random],15500,joint,41.906044006347656,40.58463427734375,40.50147241210937,40.49157763671875,ema,,0.0001,0.0001,25.31081771850586
shared-raw-gate CS beta-conditioned gate+DeepSets FSM [matched_random],15600,joint,36.65644454956055,40.51154125976562,40.50048120117187,40.49157763671875,ema,,0.0001,0.0001,24.716947555541992
shared-raw-gate CS beta-conditioned gate+DeepSets FSM [matched_random],15700,joint,35.558990478515625,40.567546875,40.49896459960937,40.49157763671875,ema,,0.0001,0.0001,62.37288284301758
shared-raw-gate CS beta-conditioned gate+DeepSets FSM [matched_random],15800,joint,40.85014343261719,40.59346813964844,40.500261840820315,40.49157763671875,ema,,0.0001,0.0001,27.301536560058594
shared-raw-gate CS beta-conditioned gate+DeepSets FSM [matched_random],15900,joint,42.52464294433594,40.486121948242186,40.496494262695315,40.486121948242186,raw,,0.0001,0.0001,148.2355194091797
shared-raw-gate CS beta-conditioned gate+DeepSets FSM [matched_random],16000,joint,37.614662170410156,40.592370971679685,40.49643408203125,40.486121948242186,raw,,0.0001,0.0001,38.45779037475586
shared-raw-gate CS beta-conditioned gate+DeepSets FSM [matched_random],16100,joint,40.888614654541016,40.6168798828125,40.49106982421875,40.486121948242186,raw,,0.0001,0.0001,60.62233352661133
shared-raw-gate CS beta-conditioned gate+DeepSets FSM [matched_random],16200,joint,47.03205490112305,40.537668823242186,40.494835571289066,40.486121948242186,raw,,0.0001,0.0001,81.86967468261719
shared-raw-gate CS beta-conditioned gate+DeepSets FSM [matched_random],16300,joint,44.39287567138672,40.48943408203125,40.49635083007813,40.486121948242186,raw,,0.0001,0.0001,48.4999885559082
shared-raw-gate CS beta-conditioned gate+DeepSets FSM [matched_random],16400,joint,42.6718864440918,40.564021240234375,40.49600439453125,40.486121948242186,raw,,0.0001,0.0001,43.0002326965332
shared-raw-gate CS beta-conditioned gate+DeepSets FSM [matched_random],16500,joint,39.67638397216797,40.560116943359375,40.494729370117184,40.486121948242186,raw,,0.0001,0.0001,60.12653350830078
shared-raw-gate CS beta-conditioned gate+DeepSets FSM [matched_random],16600,joint,45.75103759765625,40.51820361328125,40.497611572265626,40.486121948242186,raw,,0.0001,0.0001,41.952392578125
shared-raw-gate CS beta-conditioned gate+DeepSets FSM [matched_random],16700,joint,41.140785217285156,40.495277221679686,40.50021252441406,40.486121948242186,raw,,0.0001,0.0001,19.785802841186523
shared-raw-gate CS beta-conditioned gate+DeepSets FSM [matched_random],16800,joint,41.724037170410156,40.549433837890625,40.50084326171875,40.486121948242186,raw,,0.0001,0.0001,25.650562286376953
shared-raw-gate CS beta-conditioned gate+DeepSets FSM [matched_random],16900,joint,45.37793731689453,40.529073852539064,40.50705932617188,40.486121948242186,raw,,0.0001,0.0001,80.96378326416016
shared-raw-gate CS beta-conditioned gate+DeepSets FSM [matched_random],17000,joint,41.40205001831055,40.6736025390625,40.50607397460937,40.486121948242186,raw,,0.0001,0.0001,68.1230239868164
shared-raw-gate CS beta-conditioned gate+DeepSets FSM [matched_random],17100,joint,40.346473693847656,40.56102954101563,40.50837658691406,40.486121948242186,raw,,0.0001,0.0001,41.65125274658203
shared-raw-gate CS beta-conditioned gate+DeepSets FSM [matched_random],17200,joint,38.70150375366211,40.60272058105469,40.50696118164063,40.486121948242186,raw,,0.0001,0.0001,58.30352783203125
shared-raw-gate CS beta-conditioned gate+DeepSets FSM [matched_random],17300,joint,41.88440704345703,40.5817060546875,40.5109052734375,40.486121948242186,raw,,0.0001,0.0001,84.31749725341797
shared-raw-gate CS beta-conditioned gate+DeepSets FSM [matched_random],17400,joint,40.148956298828125,40.50923962402344,40.50356591796875,40.486121948242186,raw,,0.0001,0.0001,66.73826599121094
shared-raw-gate CS beta-conditioned gate+DeepSets FSM [matched_random],17500,joint,45.80274963378906,40.5092138671875,40.50632580566406,40.486121948242186,raw,,0.0001,0.0001,44.056156158447266
shared-raw-gate CS beta-conditioned gate+DeepSets FSM [matched_random],17600,joint,42.92893981933594,40.57369567871094,40.507689453125,40.486121948242186,raw,,0.0001,0.0001,90.88029479980469
shared-raw-gate CS beta-conditioned gate+DeepSets FSM [matched_random],17700,joint,41.06013488769531,40.52239892578125,40.51192211914063,40.486121948242186,raw,,0.0001,0.0001,62.30341339111328
shared-raw-gate CS beta-conditioned gate+DeepSets FSM [matched_random],17800,joint,42.46754455566406,40.62410400390625,40.51124536132812,40.486121948242186,raw,,0.0001,0.0001,51.85892868041992
shared-raw-gate CS beta-conditioned gate+DeepSets FSM [matched_random],17900,joint,41.24674606323242,40.5047685546875,40.51143566894531,40.486121948242186,raw,,0.0001,0.0001,83.3892593383789
shared-raw-gate CS beta-conditioned gate+DeepSets FSM [matched_random],18000,joint,41.60076904296875,40.54011450195313,40.511172119140625,40.486121948242186,raw,,0.0001,0.0001,19.837657928466797
shared-raw-gate CS beta-conditioned gate+DeepSets FSM [matched_random],18100,joint,43.65120315551758,40.596401245117185,40.51817150878906,40.486121948242186,raw,,0.0001,0.0001,66.64692687988281
shared-raw-gate CS beta-conditioned gate+DeepSets FSM [matched_random],18200,joint,41.21538162231445,40.59551489257812,40.52048608398437,40.486121948242186,raw,,0.0001,0.0001,54.21552276611328
shared-raw-gate CS beta-conditioned gate+DeepSets FSM [matched_random],18300,joint,43.23624038696289,40.68126220703125,40.52282934570312,40.486121948242186,raw,,0.0001,0.0001,56.84456253051758
shared-raw-gate CS beta-conditioned gate+DeepSets FSM [matched_random],18400,joint,41.114749908447266,40.56504345703125,40.52581884765625,40.486121948242186,raw,,0.0001,0.0001,20.375534057617188
shared-raw-gate CS beta-conditioned gate+DeepSets FSM [matched_random],18500,joint,40.70440673828125,40.68058581542969,40.51862145996094,40.486121948242186,raw,,0.0001,0.0001,42.58980941772461
shared-raw-gate CS beta-conditioned gate+DeepSets FSM [matched_random],18600,joint,50.35105895996094,40.48123425292969,40.50790625,40.48123425292969,raw,,0.0001,0.0001,22.971315383911133
shared-raw-gate CS beta-conditioned gate+DeepSets FSM [matched_random],18700,joint,47.24232482910156,40.615199951171874,40.503671875,40.48123425292969,raw,,0.0001,0.0001,21.206525802612305
shared-raw-gate CS beta-conditioned gate+DeepSets FSM [matched_random],18800,joint,41.70421600341797,40.643853515625,40.499127685546874,40.48123425292969,raw,,0.0001,0.0001,30.88648223876953
shared-raw-gate CS beta-conditioned gate+DeepSets FSM [matched_random],18900,joint,40.65760040283203,40.627364501953124,40.50497937011719,40.48123425292969,raw,,0.0001,0.0001,36.66141128540039
shared-raw-gate CS beta-conditioned gate+DeepSets FSM [matched_random],19000,joint,39.24949645996094,40.62021362304687,40.49857788085937,40.48123425292969,raw,,0.0001,0.0001,107.02488708496094
shared-raw-gate CS beta-conditioned gate+DeepSets FSM [matched_random],19100,joint,43.985164642333984,40.681189819335934,40.505355346679686,40.48123425292969,raw,,0.0001,0.0001,71.15723419189453
shared-raw-gate CS beta-conditioned gate+DeepSets FSM [matched_random],19200,joint,38.35455322265625,40.683942138671874,40.501323120117185,40.48123425292969,raw,,0.0001,0.0001,31.95102310180664
shared-raw-gate CS beta-conditioned gate+DeepSets FSM [matched_random],19300,joint,43.81684494018555,40.72049987792969,40.499425537109374,40.48123425292969,raw,,0.0001,0.0001,26.7843017578125
shared-raw-gate CS beta-conditioned gate+DeepSets FSM [matched_random],19400,joint,40.126609802246094,40.49749243164062,40.5052158203125,40.48123425292969,raw,,0.0001,0.0001,54.02058410644531
shared-raw-gate CS beta-conditioned gate+DeepSets FSM [matched_random],19500,joint,40.4854850769043,40.509030517578125,40.5034658203125,40.48123425292969,raw,,0.0001,0.0001,71.81338500976562
shared-raw-gate CS beta-conditioned gate+DeepSets FSM [matched_random],19600,joint,39.194862365722656,40.50153076171875,40.50417944335938,40.48123425292969,raw,,0.0001,0.0001,115.31591796875
shared-raw-gate CS beta-conditioned gate+DeepSets FSM [matched_random],19700,joint,38.07836151123047,40.527450439453126,40.50031628417969,40.48123425292969,raw,,0.0001,0.0001,24.033706665039062
shared-raw-gate CS beta-conditioned gate+DeepSets FSM [matched_random],19800,joint,41.92024230957031,40.52577893066406,40.502373779296875,40.48123425292969,raw,,0.0001,0.0001,55.265132904052734
shared-raw-gate CS beta-conditioned gate+DeepSets FSM [matched_random],19900,joint,42.074249267578125,40.50276916503906,40.508349487304685,40.48123425292969,raw,,0.0001,0.0001,43.9107666015625
shared-raw-gate CS beta-conditioned gate+DeepSets FSM [matched_random],20000,joint,39.93374252319336,40.55381823730469,40.503167602539065,40.48123425292969,raw,,0.0001,0.0001,25.05579376220703
