pi_true,seed,method,pi_post_mean,pi_post_sd,exact_pi_post_sd,q05,q50,q95,pi_sq_err,mean_sq_err_to_exact,w1_to_exact,coverage90
0.07,100,exact likelihood grid,0.17250758026908222,0.08743421451870233,0.08743421451870233,0.06229637008727129,0.15585299225362012,0.34017076951490266,0.010507804012622333,0.0,0.0,1.0
0.07,100,raw data NPE,0.22676675021648407,0.10388591885566711,0.08743421451870233,0.0857569981366396,0.20764268189668655,0.42343795746564866,0.024575813973437506,0.002944057523381036,0.05432572080265525,0.0
0.07,101,exact likelihood grid,0.14522954840402488,0.07510522726510861,0.07510522726510861,0.05726030505284267,0.12804480500367374,0.2922502832305089,0.005659484953073522,0.0,0.0,1.0
0.07,101,raw data NPE,0.16214296221733093,0.08566959947347641,0.07510522726510861,0.06187476664781571,0.13852009922266006,0.3305136963725091,0.008490325486184475,0.0002860635668201319,0.016985909105986335,1.0
0.07,102,exact likelihood grid,0.12551989349418655,0.0639481485260212,0.0639481485260212,0.0548938344901601,0.10903789844550989,0.2524664211612317,0.0030824585736058167,0.0,0.0,1.0
0.07,102,raw data NPE,0.1594805121421814,0.08479183167219162,0.0639481485260212,0.060190667025744916,0.1354086995124817,0.3299919798970223,0.008006762053227071,0.0011533236189545356,0.03403071758223887,1.0
0.07,103,exact likelihood grid,0.12430063278354478,0.06755528201287049,0.06755528201287049,0.054112057050059455,0.1049532172044354,0.26041958450020253,0.0029485587206933774,0.0,0.0,1.0
0.07,103,raw data NPE,0.19714216887950897,0.09763038903474808,0.06755528201287049,0.07352962642908097,0.1749182790517807,0.39167288988828663,0.01616513110738558,0.005305889380819655,0.07290859438814384,0.0
0.07,104,exact likelihood grid,0.1307958910428947,0.0719893627567532,0.0719893627567532,0.05461090538238299,0.11066410480971356,0.2755849295186795,0.0036961403676995246,0.0,0.0,1.0
0.07,104,raw data NPE,0.17794394493103027,0.09124069660902023,0.0719893627567532,0.06647387780249119,0.1557757630944252,0.3595952898263931,0.011651895247273295,0.002222938985438535,0.04721579479659677,1.0
0.07,105,exact likelihood grid,0.16540370617496494,0.0905391005398556,0.0905391005398556,0.058590138216714986,0.14493932133528267,0.34260945076213684,0.009101867151919043,0.0,0.0,1.0
0.07,105,raw data NPE,0.21122461557388306,0.09495143592357635,0.0905391005398556,0.08357130587100983,0.19414878636598587,0.39519049376249316,0.019944392043991052,0.0020995557381438624,0.045896967976685854,0.0
0.07,106,exact likelihood grid,0.246972512456351,0.1182618892341895,0.1182618892341895,0.07888195355535195,0.23296963747730423,0.46375049802479307,0.0313192701651133,0.0,0.0,0.0
0.07,106,raw data NPE,0.21496064960956573,0.1056404784321785,0.1182618892341895,0.07706702500581741,0.19301225244998932,0.4153507351875305,0.021013589935227287,0.00102475936292139,0.031990032388298756,0.0
0.07,107,exact likelihood grid,0.17749097270913142,0.08436710967497799,0.08436710967497799,0.06652997103570456,0.16331161554408294,0.33708421180636017,0.011554309213955234,0.0,0.0,1.0
0.07,107,raw data NPE,0.18977123498916626,0.08685498684644699,0.08436710967497799,0.07804185375571251,0.1720317304134369,0.35987103432416917,0.014345148730830082,0.00015080484166644654,0.012346965844373508,0.0
0.07,108,exact likelihood grid,0.17893486263643124,0.09919539889972874,0.09919539889972874,0.06007121096686273,0.15725514870960955,0.37255307265399507,0.011866804297618142,0.0,0.0,1.0
0.07,108,raw data NPE,0.22257177531719208,0.10229136049747467,0.09919539889972874,0.0852541122585535,0.20339037477970123,0.41981623619794844,0.02327814662343974,0.001904180148308346,0.04375503471709409,0.0
0.07,109,exact likelihood grid,0.13708526761454615,0.074577607492677,0.074577607492677,0.055344223342857254,0.11741462966401364,0.28590915987662574,0.004500433130915273,0.0,0.0,1.0
0.07,109,raw data NPE,0.1453423649072647,0.07392629235982895,0.074577607492677,0.058998055011034015,0.1264631524682045,0.29544671177864074,0.005676471949819432,6.817965570142022e-05,0.008805659827718807,1.0
0.1,100,exact likelihood grid,0.2153192879320891,0.10131454116951828,0.10131454116951828,0.0748965172398188,0.20151785463089647,0.40313283868764366,0.013298538169164069,0.0,0.0,1.0
0.1,100,raw data NPE,0.2539559006690979,0.10930836945772171,0.10131454116951828,0.09789116382598877,0.23851074278354645,0.4539849847555161,0.02370241935083314,0.0014927878437895907,0.038702352548526775,1.0
0.1,101,exact likelihood grid,0.18483399248203558,0.08951316526489674,0.08951316526489674,0.06630484926916581,0.17028929920656838,0.35354830497255824,0.007196806280442068,0.0,0.0,1.0
0.1,101,raw data NPE,0.17611698806285858,0.09245897829532623,0.08951316526489674,0.0645156268030405,0.15173374116420746,0.36060585379600524,0.005793795871761355,7.598616604395133e-05,0.010223913670807827,1.0
0.1,102,exact likelihood grid,0.14692857247650773,0.07766250760999387,0.07766250760999387,0.05704457270444448,0.12863089776681264,0.2995968242542582,0.002202290914682838,0.0,0.0,1.0
0.1,102,raw data NPE,0.18982061743736267,0.09247592091560364,0.07766250760999387,0.072114497423172,0.169339120388031,0.3707224979996682,0.008067743316829058,0.0018397275209240018,0.04295892292922263,1.0
0.1,103,exact likelihood grid,0.13679283591987473,0.07681269091332749,0.07681269091332749,0.055008324569272404,0.11549183571765223,0.2911855480801427,0.001353712775026824,0.0,0.0,1.0
0.1,103,raw data NPE,0.21592754125595093,0.1041206493973732,0.07681269091332749,0.078342529758811,0.19397980719804764,0.416108237206936,0.013439194821650203,0.006262301588627606,0.079201564811926,1.0
0.1,104,exact likelihood grid,0.1307958910428947,0.0719893627567532,0.0719893627567532,0.05461090538238299,0.11066410480971356,0.2755849295186795,0.0009483869051258425,0.0,0.0,1.0
0.1,104,raw data NPE,0.17794394493103027,0.09124069660902023,0.0719893627567532,0.06647387780249119,0.1557757630944252,0.3595952898263931,0.006075258551411479,0.002222938985438535,0.04721579479659677,1.0
0.1,105,exact likelihood grid,0.16540370617496494,0.0905391005398556,0.0905391005398556,0.058590138216714986,0.14493932133528267,0.34260945076213684,0.004277644781421146,0.0,0.0,1.0
0.1,105,raw data NPE,0.21122461557388306,0.09495143592357635,0.0905391005398556,0.08357130587100983,0.19414878636598587,0.39519049376249316,0.012370915109558069,0.0020995557381438624,0.045896967976685854,1.0
0.1,106,exact likelihood grid,0.246972512456351,0.1182618892341895,0.1182618892341895,0.07888195355535195,0.23296963747730423,0.46375049802479307,0.021600919417732244,0.0,0.0,1.0
0.1,106,raw data NPE,0.21496064960956573,0.1056404784321785,0.1182618892341895,0.07706702500581741,0.19301225244998932,0.4153507351875305,0.013215950958653345,0.00102475936292139,0.031990032388298756,1.0
0.1,107,exact likelihood grid,0.21512125132135626,0.09180351671360974,0.09180351671360974,0.08461520152293013,0.20391729175585505,0.38351510892795754,0.01325290250579487,0.0,0.0,1.0
0.1,107,raw data NPE,0.21302294731140137,0.09474445134401321,0.09180351671360974,0.08674830682575703,0.1941913589835167,0.3965765044093134,0.012774186618955808,4.402879718192785e-06,0.006210405594315707,1.0
0.1,108,exact likelihood grid,0.17893486263643124,0.09919539889972874,0.09919539889972874,0.06007121096686273,0.15725514870960955,0.37255307265399507,0.006230712539432268,0.0,0.0,1.0
0.1,108,raw data NPE,0.22257177531719208,0.10229136049747467,0.09919539889972874,0.0852541122585535,0.20339037477970123,0.41981623619794844,0.015023840104408215,0.001904180148308346,0.04375503471709409,1.0
0.1,109,exact likelihood grid,0.13708526761454615,0.074577607492677,0.074577607492677,0.055344223342857254,0.11741462966401364,0.28590915987662574,0.0013753170740425048,0.0,0.0,1.0
0.1,109,raw data NPE,0.1453423649072647,0.07392629235982895,0.074577607492677,0.058998055011034015,0.1264631524682045,0.29544671177864074,0.00205593005538355,6.817965570142022e-05,0.008805659827718807,1.0
0.3,100,exact likelihood grid,0.33474340785445966,0.12437321564844873,0.12437321564844873,0.14001821455866995,0.3282955568611914,0.5518483385897567,0.00120710438934133,0.0,0.0,1.0
0.3,100,raw data NPE,0.3802173435688019,0.11407545953989029,0.12437321564844873,0.19184319004416467,0.3787468522787094,0.5650796949863435,0.006434822209235202,0.0020678788293521286,0.04566559949189682,1.0
0.3,101,exact likelihood grid,0.28919810895027853,0.12161258519214292,0.12161258519214292,0.1055501272115213,0.2794190199472798,0.5062409215365781,0.00011668085025005252,0.0,0.0,1.0
0.3,101,raw data NPE,0.2638566493988037,0.11737530678510666,0.12161258519214292,0.0957109596580267,0.24614837020635605,0.4810205534100533,0.0013063417926809954,0.0006421895721990344,0.02527665929017577,1.0
0.3,102,exact likelihood grid,0.2999603979571128,0.12062439960443207,0.12062439960443207,0.1145225228072276,0.2919451890716785,0.5126200122536335,1.568321800836914e-09,0.0,0.0,1.0
0.3,102,raw data NPE,0.2991291284561157,0.1169503778219223,0.12062439960443207,0.1200863853096962,0.2873115539550781,0.5056991964578629,7.584172459473655e-07,6.910089832879684e-07,0.0038788861943866862,1.0
0.3,103,exact likelihood grid,0.34406635074167735,0.13294013167301733,0.13294013167301733,0.1328321497456121,0.33856296177667006,0.5745556061627218,0.001941843267688529,0.0,0.0,1.0
0.3,103,raw data NPE,0.3694383203983307,0.11859004199504852,0.13294013167301733,0.1755104348063469,0.36765623092651367,0.5677060067653656,0.004821680339741229,0.0006437368442581377,0.026875288490516902,1.0
0.3,104,exact likelihood grid,0.4077288280134752,0.1211153590051979,0.1211153590051979,0.20921403683520093,0.406444381379947,0.6114422878661468,0.011605500385156923,0.0,0.0,1.0
0.3,104,raw data NPE,0.3747970163822174,0.12109985202550888,0.1211153590051979,0.18026270791888238,0.37432143092155457,0.5778274595737457,0.005594593659681701,0.0010845042173166467,0.032866921729927515,1.0
0.3,105,exact likelihood grid,0.28589801121336,0.11342283050008185,0.11342283050008185,0.11563180763813427,0.2763562922511925,0.48858692216375876,0.0001988660877385199,0.0,0.0,1.0
0.3,105,raw data NPE,0.29105255007743835,0.11733687669038773,0.11342283050008185,0.11841249614953996,0.27811332046985626,0.505813592672348,8.00568601167482e-05,2.6569270901294133e-05,0.005538503621537028,1.0
0.3,106,exact likelihood grid,0.2540450972129561,0.12118515904055083,0.12118515904055083,0.08075690046303591,0.24012893056130055,0.47579425911060014,0.002111853090166655,0.0,0.0,1.0
0.3,106,raw data NPE,0.24347783625125885,0.11090122163295746,0.12118515904055083,0.09181602112948895,0.2239396572113037,0.4479170888662338,0.003194754994839507,0.00011166700423261057,0.013382637043429946,1.0
0.3,107,exact likelihood grid,0.32095582603213835,0.11398759238957379,0.11398759238957379,0.14441103384052367,0.31424855465474466,0.5204332750397843,0.0004391466446892477,0.0,0.0,1.0
0.3,107,raw data NPE,0.3251863420009613,0.1126851961016655,0.11398759238957379,0.15477267503738404,0.3163050711154938,0.5251658320426941,0.000634351823389388,1.789726536246604e-05,0.00443661739291842,1.0
0.3,108,exact likelihood grid,0.3783544638897606,0.11857138888800092,0.11857138888800092,0.18930279411874584,0.37421067905125777,0.5823679501274306,0.0061394220114517955,0.0,0.0,1.0
0.3,108,raw data NPE,0.3573412001132965,0.11467041820287704,0.11857138888800092,0.1767078511416912,0.3537721335887909,0.5480820417404175,0.003288013230433117,0.0004415572545392568,0.020948362211935113,1.0
0.3,109,exact likelihood grid,0.2645533131165666,0.12010621589906408,0.12010621589906408,0.08760194019080016,0.253098786695241,0.4810814028049737,0.0012564676110121684,0.0,0.0,1.0
0.3,109,raw data NPE,0.2118532955646515,0.09611112624406815,0.12010621589906408,0.08300963453948498,0.19480396062135696,0.39705069810152055,0.007769841502812687,0.002777291849972161,0.052684997386092836,1.0
0.5,100,exact likelihood grid,0.6047463026397468,0.07565182190585044,0.07565182190585044,0.4560756652249525,0.6221269317307964,0.6932422503859345,0.010971787916697432,0.0,0.0,1.0
0.5,100,raw data NPE,0.5959452390670776,0.08044113963842392,0.07565182190585044,0.4466453567147255,0.6154721081256866,0.6907803922891617,0.00920548889963868,7.745872001016453e-05,0.008741026462928644,1.0
0.5,101,exact likelihood grid,0.44389893334967223,0.12332068166908233,0.12332068166908233,0.23577885692733325,0.44621386536726737,0.6439613518090143,0.0031473296793045184,0.0,0.0,1.0
0.5,101,raw data NPE,0.43970194458961487,0.12183826416730881,0.12332068166908233,0.22948863059282304,0.4463772028684616,0.628346610069275,0.0036358554862738757,1.761471465204784e-05,0.004393254130451798,1.0
0.5,102,exact likelihood grid,0.5078977993755998,0.11472320125317328,0.11472320125317328,0.30136484560809873,0.5189106604576561,0.6745612948975253,6.23752349772239e-05,0.0,0.0,1.0
0.5,102,raw data NPE,0.5060874223709106,0.10940796881914139,0.11472320125317328,0.30437233448028567,0.5201570093631744,0.6600507080554963,3.705671112186337e-05,3.2774648991071215e-06,0.005824424063022564,1.0
0.5,103,exact likelihood grid,0.4390675682328325,0.13227920756193295,0.13227920756193295,0.21272160297818188,0.44334139209858703,0.6497498081284264,0.0037127612410605237,0.0,0.0,1.0
0.5,103,raw data NPE,0.44585487246513367,0.11653349548578262,0.13227920756193295,0.24330157339572905,0.4529622048139572,0.6271082133054733,0.0029316948357669403,4.6067498741813403e-05,0.01562208425072071,1.0
0.5,104,exact likelihood grid,0.5443126980015948,0.09905119665064492,0.09905119665064492,0.3625497865767029,0.5564981999835866,0.682285774525954,0.0019636152041805407,0.0,0.0,1.0
0.5,104,raw data NPE,0.5096097588539124,0.10722851753234863,0.09905119665064492,0.30964684933423997,0.5265071988105774,0.6598203659057618,9.234746523034687e-05,0.0012042939854877484,0.03463914651373866,1.0
0.5,105,exact likelihood grid,0.5720654337203477,0.09045363334597357,0.09045363334597357,0.40038513244919116,0.5877293099016749,0.6885666646153258,0.005193426737301825,0.0,0.0,1.0
0.5,105,raw data NPE,0.5282987952232361,0.09833996742963791,0.09045363334597357,0.3445172682404518,0.5443972051143646,0.6618882447481156,0.0008008218110866494,0.001915518645336851,0.04370297013901215,1.0
0.5,106,exact likelihood grid,0.38717864176547256,0.12396789512939269,0.12396789512939269,0.18658802069457156,0.38436247552713004,0.5982269092593984,0.012728658873883572,0.0,0.0,1.0
0.5,106,raw data NPE,0.3516286611557007,0.11634714901447296,0.12396789512939269,0.17144059687852858,0.34605610370635986,0.5455861687660218,0.022014054190449883,0.0012638011213551568,0.03548652616034641,1.0
0.5,107,exact likelihood grid,0.40861981528952357,0.12021607230944338,0.12021607230944338,0.21148069660173333,0.40742159634555547,0.6106448152262495,0.00835033815772079,0.0,0.0,1.0
0.5,107,raw data NPE,0.4196870028972626,0.11384584754705429,0.12021607230944338,0.23382400274276735,0.41814757883548737,0.6085705608129501,0.00645017750362431,0.0001224826415448918,0.011782728846443675,1.0
0.5,108,exact likelihood grid,0.4833394393396188,0.11338943445637407,0.11338943445637407,0.28747317898233343,0.48842370875088487,0.6608287116430955,0.00027757428151824117,0.0,0.0,1.0
0.5,108,raw data NPE,0.4873974621295929,0.0986325740814209,0.11338943445637407,0.30691782236099246,0.5017887651920319,0.6275588899850846,0.00015882396077504524,1.6467548963949023e-05,0.016519148639436015,1.0
0.5,109,exact likelihood grid,0.5054539581439303,0.11762601374248115,0.11762601374248115,0.29329882373851657,0.5170910938618448,0.6753881177018639,2.9745659435744173e-05,0.0,0.0,1.0
0.5,109,raw data NPE,0.4807567894458771,0.11386487632989883,0.11762601374248115,0.27267778366804124,0.49283717572689056,0.647317174077034,0.0003703011524303079,0.0006099501417001024,0.02463275894334963,1.0
0.65,100,exact likelihood grid,0.5668529316649257,0.09450644457470442,0.09450644457470442,0.38716181470127264,0.5834433116889508,0.6881414660291149,0.006913434972717523,0.0,0.0,1.0
0.65,100,raw data NPE,0.5428662300109863,0.09860002994537354,0.09450644457470442,0.35580506175756454,0.5614870190620422,0.6733115494251252,0.011477644672058892,0.0005753618562350965,0.02393601065363519,1.0
0.65,101,exact likelihood grid,0.4797715331456455,0.11880711682394574,0.11880711682394574,0.2721715340389183,0.4866417031226993,0.6625754244052589,0.02897773092758407,0.0,0.0,1.0
0.65,101,raw data NPE,0.45716825127601624,0.1199418231844902,0.11880711682394574,0.25055948048830035,0.4667230099439621,0.6379516452550889,0.03718408331594962,0.000510908351277912,0.022538776897608817,0.0
0.65,102,exact likelihood grid,0.4154554703189747,0.12129254869593808,0.12129254869593808,0.2151809512069712,0.4150289947106372,0.6178997184479152,0.05501113640329338,0.0,0.0,0.0
0.65,102,raw data NPE,0.4462437629699707,0.12121646851301193,0.12129254869593808,0.23679051846265795,0.45402437448501587,0.6314627259969712,0.04151660412863749,0.0009479189643633761,0.030880963538085587,0.0
0.65,103,exact likelihood grid,0.5828322603144509,0.08300837306947924,0.08300837306947924,0.4252445191621708,0.5972750288416604,0.6895224971071223,0.0045115052544656906,0.0,0.0,1.0
0.65,103,raw data NPE,0.5503165125846863,0.0928163155913353,0.08300837306947924,0.38067716658115386,0.5689230859279633,0.6744654685258865,0.009936797663279014,0.001057273850425693,0.03245701597128931,1.0
0.65,104,exact likelihood grid,0.5548158063088883,0.09875955708647012,0.09875955708647012,0.3697856132035504,0.5699870343999721,0.6860176385660162,0.009060030728627079,0.0,0.0,1.0
0.65,104,raw data NPE,0.5339465737342834,0.09863921254873276,0.09875955708647012,0.3460171937942505,0.55186727643013,0.6682465374469757,0.013468397748012114,0.0004355248682529471,0.02080787886149036,1.0
0.65,105,exact likelihood grid,0.6438836967407102,0.0509494809734421,0.0509494809734421,0.5411508707063111,0.6583253676838199,0.696784060648843,3.740916555959905e-05,0.0,0.0,1.0
0.65,105,raw data NPE,0.6203106045722961,0.06041186302900314,0.0509494809734421,0.5069579929113388,0.6341584026813507,0.6901959776878357,0.000881460200862564,0.0005556906743805452,0.0235097667176064,1.0
0.65,106,exact likelihood grid,0.6015556341208992,0.07545470333358552,0.07545470333358552,0.45480816535737495,0.6175955282423465,0.6925203671011083,0.0023468565854281895,0.0,0.0,1.0
0.65,106,raw data NPE,0.5838896632194519,0.08150407671928406,0.07545470333358552,0.4305571481585503,0.6027186810970306,0.683923426270485,0.004370576629237493,0.0003120865278907821,0.017602384419440512,1.0
0.65,107,exact likelihood grid,0.6117203095978213,0.07336895105608848,0.07336895105608848,0.46585081008189066,0.6300858613271982,0.6942163545529662,0.001465334697286653,0.0,0.0,1.0
0.65,107,raw data NPE,0.5539235472679138,0.08106137812137604,0.07336895105608848,0.39942835420370104,0.5687744617462158,0.6626036167144775,0.009230684769580794,0.003340465735819814,0.05773344450329763,1.0
0.65,108,exact likelihood grid,0.6373756379496303,0.05659296064050608,0.05659296064050608,0.5232028880548241,0.6533631942729253,0.696395648710675,0.00015937451717881626,0.0,0.0,1.0
0.65,108,raw data NPE,0.6118930578231812,0.061565689742565155,0.05659296064050608,0.4962335631251335,0.6265890896320343,0.6863598555326462,0.001452139042067417,0.000649361889900899,0.025419265722985203,1.0
0.65,109,exact likelihood grid,0.40168630521521653,0.12186191127542216,0.12186191127542216,0.203787207392869,0.3993576739608247,0.6084282524764592,0.06165969101767061,0.0,0.0,0.0
0.65,109,raw data NPE,0.4242037236690521,0.12388359010219574,0.12186191127542216,0.21091424822807314,0.4312969297170639,0.6201035469770432,0.05098395840492178,0.0005070341338251356,0.022863327251698668,0.0
0.68,100,exact likelihood grid,0.5668529316649257,0.09450644457470442,0.09450644457470442,0.38716181470127264,0.5834433116889508,0.6881414660291149,0.01280225907282199,0.0,0.0,1.0
0.68,100,raw data NPE,0.5428662300109863,0.09860002994537354,0.09450644457470442,0.35580506175756454,0.5614870190620422,0.6733115494251252,0.01880567087139972,0.0005753618562350965,0.02393601065363519,0.0
0.68,101,exact likelihood grid,0.5130912706351298,0.10951901843771436,0.10951901843771436,0.3169460167927478,0.5228483117894559,0.6739365810875572,0.027858523938195493,0.0,0.0,0.0
0.68,101,raw data NPE,0.4923243224620819,0.11327444761991501,0.10951901843771436,0.29221573024988173,0.5051461160182953,0.6547467321157455,0.035222159939316634,0.0004312661364220582,0.020702913308718342,0.0
0.68,102,exact likelihood grid,0.4154554703189747,0.12129254869593808,0.12129254869593808,0.2151809512069712,0.4150289947106372,0.6178997184479152,0.06998380818415492,0.0,0.0,0.0
0.68,102,raw data NPE,0.4462437629699707,0.12121646851301193,0.12129254869593808,0.23679051846265795,0.45402437448501587,0.6314627259969712,0.05464197835043926,0.0009479189643633761,0.030880963538085587,0.0
0.68,103,exact likelihood grid,0.5964647614724545,0.07801068458760446,0.07801068458760446,0.4455163371694125,0.6123979284246437,0.6918810085101789,0.006978136075853925,0.0,0.0,1.0
0.68,103,raw data NPE,0.5673616528511047,0.08707523345947266,0.07801068458760446,0.40725357830524445,0.587184488773346,0.6809278339147568,0.012687397248435053,0.0008469909314260846,0.029045608398837568,1.0
0.68,104,exact likelihood grid,0.5548158063088883,0.09875955708647012,0.09875955708647012,0.3697856132035504,0.5699870343999721,0.6860176385660162,0.01567108235009379,0.0,0.0,1.0
0.68,104,raw data NPE,0.5339465737342834,0.09863921254873276,0.09875955708647012,0.3460171937942505,0.55186727643013,0.6682465374469757,0.021331603323955117,0.0004355248682529471,0.02080787886149036,0.0
0.68,105,exact likelihood grid,0.6438836967407102,0.0509494809734421,0.0509494809734421,0.5411508707063111,0.6583253676838199,0.696784060648843,0.0013043873611169891,0.0,0.0,1.0
0.68,105,raw data NPE,0.6203106045722961,0.06041186302900314,0.0509494809734421,0.5069579929113388,0.6341584026813507,0.6901959776878357,0.0035628239265248,0.0005556906743805452,0.0235097667176064,1.0
0.68,106,exact likelihood grid,0.6015556341208992,0.07545470333358552,0.07545470333358552,0.45480816535737495,0.6175955282423465,0.6925203671011083,0.006153518538174244,0.0,0.0,1.0
0.68,106,raw data NPE,0.5838896632194519,0.08150407671928406,0.07545470333358552,0.4305571481585503,0.6027186810970306,0.683923426270485,0.009237196836070386,0.0003120865278907821,0.017602384419440512,1.0
0.68,107,exact likelihood grid,0.6117203095978213,0.07336895105608848,0.07336895105608848,0.46585081008189066,0.6300858613271982,0.6942163545529662,0.00466211612141738,0.0,0.0,1.0
0.68,107,raw data NPE,0.5539235472679138,0.08106137812137604,0.07336895105608848,0.39942835420370104,0.5687744617462158,0.6626036167144775,0.015895271933505973,0.003340465735819814,0.05773344450329763,0.0
0.68,108,exact likelihood grid,0.6373756379496303,0.05659296064050608,0.05659296064050608,0.5232028880548241,0.6533631942729253,0.696395648710675,0.0018168362402010043,0.0,0.0,1.0
0.68,108,raw data NPE,0.6118930578231812,0.061565689742565155,0.05659296064050608,0.4962335631251335,0.6265890896320343,0.6863598555326462,0.004638555572676553,0.000649361889900899,0.025419265722985203,1.0
0.68,109,exact likelihood grid,0.4505683339640377,0.12069386530928969,0.12069386530928969,0.2464755416117598,0.4530887678839009,0.6458789684610251,0.05263888938003735,0.0,0.0,0.0
0.68,109,raw data NPE,0.46417880058288574,0.1181194931268692,0.12069386530928969,0.2467993676662445,0.4736644774675369,0.6405757904052735,0.04657879011784182,0.00018524480158277614,0.014877965811519463,0.0
