test_index,method,u_true,posterior_mean,posterior_sd,q05,q95,posterior_mean_error,covers90,width90,pilot_raw_residual,pilot_projected_residual,pilot_converged,pilot_boundary,pilot_fallback
0,"ours raw positive(s,anchor)-local-gate full-dataset score + shared NPE","[0.23571017384529114, 0.7227785587310791, 0.3394724428653717]","[0.2067949355666679, 0.7122442403131714, 0.29732667715623873]","[0.035259080869119164, 0.04765166586663879, 0.030452225695830608]","[0.15727572583127766, 0.6295806694030762, 0.2494156187027693]","[0.27038224823772905, 0.7843156278133393, 0.3486954605579376]","[-0.028915238278623245, -0.010534318417907751, -0.042145765709132976]","[true, true, true]","[0.11310652240645139, 0.15473495841026308, 0.0992798418551683]",3.641036149482851e-07,3.641036148276416e-07,True,False,False
1,"ours raw positive(s,anchor)-local-gate full-dataset score + shared NPE","[0.8148173689842224, 0.49435463547706604, 0.746717631816864]","[0.7792906905704732, 0.4867615907120705, 0.6889185207611319]","[0.04557805408783598, 0.044128941747029846, 0.029996550896648027]","[0.7008440077304839, 0.4139660674333573, 0.6409689640998839]","[0.8392211589217186, 0.5596706393361092, 0.7379778182506561]","[-0.035526678413749235, -0.00759304476499556, -0.0577991110557321]","[true, true, false]","[0.13837715119123462, 0.14570457190275188, 0.0970088541507722]",4.896358208886865e-13,4.896416373908925e-13,True,False,False
2,"ours raw positive(s,anchor)-local-gate full-dataset score + shared NPE","[0.48472559452056885, 0.48303472995758057, 0.5538932681083679]","[0.5669201200461382, 0.5257196829619998, 0.5743712885624171]","[0.043539798555229346, 0.04137172389686001, 0.02944543720507357]","[0.49372655346989636, 0.45795258507132525, 0.5278866592049598]","[0.6364682102203368, 0.5951669144630433, 0.6236050674319267]","[0.08219452552556938, 0.04268495300441921, 0.02047802045404923]","[false, true, true]","[0.14274165675044048, 0.13721432939171802, 0.09571840822696687]",3.6118454225214644e-13,3.6119284480629397e-13,True,False,False
3,"ours raw positive(s,anchor)-local-gate full-dataset score + shared NPE","[0.2318485826253891, 0.8389635682106018, 0.15408998727798462]","[0.2630330583950835, 0.7904831956434236, 0.21293662677697028]","[0.04534860806269796, 0.03966136901570613, 0.032530028246844964]","[0.18936636263504622, 0.7172585335373878, 0.1634162271860987]","[0.34021328315138816, 0.8437622612714767, 0.2701472253352404]","[0.03118447576969441, -0.04848037256717819, 0.058846639498985664]","[true, true, false]","[0.15084692051634194, 0.1265037277340889, 0.10673099814914169]",1.9521039899639,0.04273635662665365,False,True,False
4,"ours raw positive(s,anchor)-local-gate full-dataset score + shared NPE","[0.31533244252204895, 0.3283495306968689, 0.8146288990974426]","[0.2883360240983634, 0.32040986727354936, 0.7998250321280961]","[0.04670944274962105, 0.045451496335001534, 0.02807600934494744]","[0.2117301746457815, 0.24400235071778298, 0.7493963497877121]","[0.36444396123290057, 0.3942340372502804, 0.8410123944282532]","[-0.026996418423685553, -0.007939663423319532, -0.014803866969346546]","[true, true, true]","[0.15271378658711907, 0.1502316865324974, 0.09161604464054107]",3.8303756400574696e-13,3.829880676267473e-13,True,False,False
5,"ours raw positive(s,anchor)-local-gate full-dataset score + shared NPE","[0.6600962281227112, 0.8000446557998657, 0.6186142563819885]","[0.6641441513305905, 0.7686160679197327, 0.6317896248257147]","[0.05219283420657584, 0.05173645190902068, 0.035091339788460144]","[0.5723774972558021, 0.6681547310948371, 0.5730276039242744]","[0.7440361031889916, 0.8371812278032302, 0.6880240777134895]","[0.004047923207879278, -0.03142858788013303, 0.013175368443726132]","[true, true, true]","[0.1716586059331895, 0.1690264967083931, 0.11499647378921507]",3.2185363369833865e-06,3.218536337167143e-06,True,False,False
6,"ours raw positive(s,anchor)-local-gate full-dataset score + shared NPE","[0.46280938386917114, 0.4872100055217743, 0.1580013483762741]","[0.45724885806679877, 0.4720601429611426, 0.22353350576417752]","[0.04127414645309881, 0.04578569458890253, 0.03747381472366548]","[0.3877522675693035, 0.4006663972139359, 0.16664861802011727]","[0.5242193460464477, 0.5514314696192743, 0.2891082625091076]","[-0.005560525802372374, -0.015149862560631666, 0.06553215738790341]","[true, true, false]","[0.13646707847714423, 0.15076507240533837, 0.12245964448899033]",1.5273951598625817,1.358385117817852,False,True,False
7,"ours raw positive(s,anchor)-local-gate full-dataset score + shared NPE","[0.7298365831375122, 0.6957509517669678, 0.6536353230476379]","[0.7603742735183247, 0.6525951565438504, 0.630289190951584]","[0.05055968371982338, 0.049297560272044065, 0.03314782511883189]","[0.6730984127521515, 0.5717528063058852, 0.575269141793251]","[0.8324265357851981, 0.7283555394411088, 0.6847141242027283]","[0.030537690380812443, -0.04315579522311741, -0.023346132096053962]","[true, true, true]","[0.15932812303304655, 0.15660273313522355, 0.10944498240947731]",3.770944123472132,2.021044690242116,False,True,False
8,"ours raw positive(s,anchor)-local-gate full-dataset score + shared NPE","[0.7983274459838867, 0.5480384826660156, 0.752345621585846]","[0.7722112668192392, 0.5717504662823671, 0.7499913212072837]","[0.04712545093242551, 0.049255905222129186, 0.03455769592569766]","[0.6897234824299813, 0.487224705517292, 0.6907070705294609]","[0.8382480558753013, 0.6520970371365548, 0.802567124068737]","[-0.02611617916464748, 0.023711983616351517, -0.002354300378562213]","[true, true, true]","[0.14852457344532, 0.16487233161926274, 0.11186005353927608]",7.65198484925133e-09,7.651984685721104e-09,True,False,False
9,"ours raw positive(s,anchor)-local-gate full-dataset score + shared NPE","[0.2925172746181488, 0.7851197719573975, 0.4973985254764557]","[0.37088391364544593, 0.7714963313555699, 0.43546788425922295]","[0.03967844560671596, 0.0412669423522058, 0.027984252731121973]","[0.3064262015372515, 0.6973589646816254, 0.38982974648475643]","[0.4356547084450722, 0.8340005829930305, 0.4813902345299721]","[0.07836663902729712, -0.013623440601827519, -0.06193064121723274]","[false, true, false]","[0.12922850690782073, 0.1366416183114051, 0.09156048804521566]",8.062743023412943e-13,8.06329922890531e-13,True,False,False
10,"ours raw positive(s,anchor)-local-gate full-dataset score + shared NPE","[0.25125929713249207, 0.38562771677970886, 0.21676889061927795]","[0.2048519599748397, 0.43076529665470115, 0.2486617617021805]","[0.0436087809474796, 0.052569406273341016, 0.039061728276279795]","[0.1545145807042718, 0.35179193809628484, 0.19604194685816762]","[0.289563112705946, 0.5253227612376213, 0.31087325133383276]","[-0.046407337157652356, 0.045137579874992284, 0.031892871082902535]","[true, true, true]","[0.1350485320016742, 0.1735308231413365, 0.11483130447566514]",0.6636897216827535,0.43986370589681345,False,True,False
11,"ours raw positive(s,anchor)-local-gate full-dataset score + shared NPE","[0.5106925964355469, 0.2429908812046051, 0.23846474289894104]","[0.5019757624769206, 0.2434967808622332, 0.2353428165264193]","[0.03823287828139796, 0.039668069454862516, 0.03038592754917878]","[0.43871710017323495, 0.1808123474381864, 0.18683212781324982]","[0.563474427163601, 0.3113871722668409, 0.28637110665440557]","[-0.008716833958626324, 0.000505899657628095, -0.0031219263725217328]","[true, true, true]","[0.12475732699036601, 0.13057482482865448, 0.09953897884115576]",1.0338878527978265e-13,1.0348390930453103e-13,True,False,False
12,"ours raw positive(s,anchor)-local-gate full-dataset score + shared NPE","[0.5193067789077759, 0.5003087520599365, 0.683062732219696]","[0.5242520802193877, 0.4403930440160628, 0.633253478431702]","[0.04111036434285877, 0.04182445188317172, 0.02853956818924966]","[0.46065331757068634, 0.371430652141571, 0.5877716037631034]","[0.5966974088549614, 0.5088276073336601, 0.6809189209342003]","[0.0049453013116118605, -0.05991570804387375, -0.04980925378799406]","[true, true, false]","[0.13604409128427503, 0.13739695519208905, 0.09314731717109681]",4.235079115149195e-06,4.2350791151030645e-06,True,False,False
13,"ours raw positive(s,anchor)-local-gate full-dataset score + shared NPE","[0.344510018825531, 0.21302829682826996, 0.6894166469573975]","[0.285583420236614, 0.2106248364392342, 0.6789877233874806]","[0.04608959121689059, 0.03915915233814137, 0.03066335969463293]","[0.22093795355409382, 0.15876589206047353, 0.6326993322372436]","[0.3649434313178062, 0.2783075036853552, 0.7333876076340675]","[-0.05892659858891702, -0.002403460389035772, -0.01042892356991687]","[true, true, true]","[0.1440054777637124, 0.11954161162488164, 0.1006882753968239]",2.600655129978842e-13,2.599105134369664e-13,True,False,False
14,"ours raw positive(s,anchor)-local-gate full-dataset score + shared NPE","[0.6299529671669006, 0.7262356281280518, 0.29544034600257874]","[0.6325179047745457, 0.7474949430847175, 0.26709230216607455]","[0.04165261563474574, 0.04385921324086391, 0.0322099893750815]","[0.5637718722224235, 0.6728880774974823, 0.21783061023801564]","[0.7013796174526215, 0.817243087887764, 0.32125259749591345]","[0.0025649376076450903, 0.021259314956665776, -0.02834804383650419]","[true, true, true]","[0.13760774523019792, 0.14435501039028176, 0.10342198725789781]",9.477877614475839e-09,9.477877543510084e-09,True,False,False
15,"ours raw positive(s,anchor)-local-gate full-dataset score + shared NPE","[0.6257633566856384, 0.4353993535041809, 0.5225273966789246]","[0.6867748001551639, 0.41845824966728623, 0.49456637938380155]","[0.039306042859180594, 0.03975731573203505, 0.02800674005642953]","[0.6240334317088126, 0.35288863062858583, 0.4494414412975311]","[0.7517112705111504, 0.4845949359238148, 0.5400418147444725]","[0.06101144346952547, -0.016941103836894678, -0.027961017295123014]","[true, true, true]","[0.12767783880233774, 0.13170630529522898, 0.09060037344694144]",7.944238983747307e-08,7.944238987753202e-08,True,False,False
16,"ours raw positive(s,anchor)-local-gate full-dataset score + shared NPE","[0.4062992334365845, 0.3642887473106384, 0.5384490489959717]","[0.3219014830274315, 0.38961224759817226, 0.5479460370212788]","[0.03942261829304344, 0.04061830866694894, 0.0295081727125642]","[0.25752429686486716, 0.32513049155473706, 0.4989844362437724]","[0.386350854486227, 0.45705687031149866, 0.5967055782675743]","[-0.08439775040915298, 0.02532350028753383, 0.009496988025307074]","[false, true, true]","[0.12882655762135986, 0.1319263787567616, 0.09772114202380189]",8.241737453102477e-13,8.24167329047476e-13,True,False,False
17,"ours raw positive(s,anchor)-local-gate full-dataset score + shared NPE","[0.38778775930404663, 0.8120824098587036, 0.22024323046207428]","[0.39859332406520764, 0.7847712970709781, 0.23104473004559622]","[0.04536777582647536, 0.04357020980968757, 0.033510241721058105]","[0.3255132126808166, 0.7011846113204956, 0.1788367523998022]","[0.4720993426442146, 0.8425630328059196, 0.28926391579210753]","[0.010805564761161013, -0.027311112787725467, 0.010801499583521945]","[true, true, true]","[0.14658612996339798, 0.141378421485424, 0.11042716339230532]",0.3709501904959318,0.3397780096844576,False,True,False
18,"ours raw positive(s,anchor)-local-gate full-dataset score + shared NPE","[0.19025202095508575, 0.29576194286346436, 0.38309207558631897]","[0.25547732867577283, 0.3080561956791573, 0.401877806999684]","[0.0444011663657546, 0.03981473220446756, 0.02710092369604525]","[0.18936002891510725, 0.24324603334069253, 0.3584040835499764]","[0.3354840141534805, 0.37345396280288695, 0.446441051363945]","[0.06522530772068708, 0.012294252815692963, 0.018785731413365037]","[true, true, true]","[0.14612398523837325, 0.13020792946219442, 0.08803696781396864]",7.912861597547373e-06,7.912861597558414e-06,True,False,False
19,"ours raw positive(s,anchor)-local-gate full-dataset score + shared NPE","[0.7834888696670532, 0.39959755539894104, 0.4196101725101471]","[0.7576686762964728, 0.3467954236200931, 0.3220250458486379]","[0.05767594574028393, 0.04701235597420221, 0.032999188087887106]","[0.6470027783513068, 0.27174472726881505, 0.27047097064554687]","[0.8351306155323982, 0.42533975377678873, 0.37962904050946233]","[-0.02582019337058039, -0.05280213177884796, -0.0975851266615092]","[true, true, false]","[0.18812783718109138, 0.1535950265079737, 0.10915806986391546]",1.6568568273906026,1.1540065461200344,False,True,False
20,"ours raw positive(s,anchor)-local-gate full-dataset score + shared NPE","[0.8068424463272095, 0.26557567715644836, 0.6057839393615723]","[0.775203410360812, 0.30431567050842634, 0.6194413009715095]","[0.04050996890096075, 0.04381227383456506, 0.029512110109525397]","[0.7056625154614449, 0.23373664904385802, 0.5711090186238289]","[0.8365813809633255, 0.37629352629184726, 0.666818687915802]","[-0.0316390359663975, 0.038739993351977975, 0.013657361609937246]","[true, true, true]","[0.1309188655018806, 0.14255687724798924, 0.09570966929197311]",5.611165241268622e-08,5.611165237466945e-08,True,False,False
21,"ours raw positive(s,anchor)-local-gate full-dataset score + shared NPE","[0.5622394680976868, 0.7337149977684021, 0.8469764590263367]","[0.5416133493822821, 0.667822833586932, 0.7847223602116129]","[0.04646735502484879, 0.05485246324876711, 0.03450568349878394]","[0.46239508807659147, 0.5716424503922463, 0.7249008667469024]","[0.6155407577753067, 0.7524054077267647, 0.8364930924773216]","[-0.02062611871540465, -0.06589216418147015, -0.06225409881472377]","[true, true, false]","[0.15314566969871524, 0.18076295733451841, 0.11159222573041927]",7.774780209360757e-06,7.774780209421589e-06,True,False,False
22,"ours raw positive(s,anchor)-local-gate full-dataset score + shared NPE","[0.6778778433799744, 0.6386602520942688, 0.36495348811149597]","[0.7847055263066276, 0.5840585719346985, 0.30033210673704713]","[0.04869457093735093, 0.048088840503229244, 0.03217259328447032]","[0.6899338719248772, 0.49864394947886465, 0.24995555616915224]","[0.8443376979231835, 0.6590333023667335, 0.35638825178146366]","[0.10682768292665323, -0.05460168015957034, -0.06462138137444884]","[false, true, false]","[0.15440382599830627, 0.16038935288786887, 0.10643269561231142]",1.4274823567524177,0.85211447120057,False,True,False
23,"ours raw positive(s,anchor)-local-gate full-dataset score + shared NPE","[0.7415791153907776, 0.44772836565971375, 0.38812679052352905]","[0.7119073603314156, 0.45323487664029055, 0.3833048260059949]","[0.04679037599283927, 0.04785191726213658, 0.03730409879015549]","[0.6385761711001395, 0.3754230634868145, 0.32426053673028943]","[0.7910854318737983, 0.5308935350179672, 0.4447724801301956]","[-0.029671755059362037, 0.0055065109805768064, -0.004821964517534139]","[true, true, true]","[0.15250926077365878, 0.15547047153115273, 0.12051194339990617]",4.998811916510966e-13,4.998622626634733e-13,True,False,False
24,"ours raw positive(s,anchor)-local-gate full-dataset score + shared NPE","[0.49582743644714355, 0.27711448073387146, 0.5038418173789978]","[0.46454632193446294, 0.27900722156889673, 0.4734463392239806]","[0.03604000247003953, 0.03656632099092211, 0.02637956122572417]","[0.4058267070353031, 0.21983991414308546, 0.43036306947469705]","[0.5243875032663345, 0.3384699094295502, 0.5163491079211235]","[-0.03128111451268062, 0.001892740835025275, -0.030395478155017197]","[true, true, true]","[0.11856079623103144, 0.11862999528646473, 0.0859860384464265]",4.2108959539127744e-13,4.211118312403753e-13,True,False,False
25,"ours raw positive(s,anchor)-local-gate full-dataset score + shared NPE","[0.2818093001842499, 0.23720413446426392, 0.4524126946926117]","[0.2746591813870152, 0.23423574151996646, 0.46196351177275047]","[0.03771160172348044, 0.03938754187105808, 0.030102064287765812]","[0.21323041915893554, 0.17470114607363937, 0.4140300469100475]","[0.33753361567854884, 0.2999258655309677, 0.5123578241467476]","[-0.00715011879723465, -0.00296839294429746, 0.009550817080138774]","[true, true, true]","[0.1243031965196133, 0.1252247194573283, 0.09832777723670005]",3.3216421259275033e-13,3.3213234738741114e-13,True,False,False
26,"ours raw positive(s,anchor)-local-gate full-dataset score + shared NPE","[0.21793395280838013, 0.32431668043136597, 0.22771498560905457]","[0.21788046504681985, 0.2981075964528421, 0.26258133290648433]","[0.049854703803225785, 0.047924224460338206, 0.035463993882711604]","[0.1583790794806555, 0.22577833522111176, 0.21266842052340507]","[0.3169312071800232, 0.3824719241261482, 0.31737944319844247]","[-5.348776156027801e-05, -0.02620908397852384, 0.03486634729742977]","[true, true, true]","[0.15855212769936772, 0.15669358890503646, 0.1047110226750374]",2.4643658693049195,0.634083713356414,False,True,False
27,"ours raw positive(s,anchor)-local-gate full-dataset score + shared NPE","[0.5465256571769714, 0.29820406436920166, 0.5600944757461548]","[0.5618800886765102, 0.24892112711646988, 0.5831447304415707]","[0.05263995031141801, 0.05535459676760564, 0.035219247077387314]","[0.4832628762722015, 0.16957371326163412, 0.5265697357058525]","[0.6534378263354301, 0.351165117174387, 0.6392351815104484]","[0.015354431499538745, -0.04928293725273178, 0.023050254695415884]","[true, true, true]","[0.17017495006322864, 0.18159140391275286, 0.11266544580459592]",2.249216802170579,1.6225111364521905,False,True,False
28,"ours raw positive(s,anchor)-local-gate full-dataset score + shared NPE","[0.44812747836112976, 0.74813312292099, 0.24313947558403015]","[0.4912049876213057, 0.7142847951984431, 0.27224167407020816]","[0.037419639157522944, 0.04527336830300961, 0.029939973027054083]","[0.4301372611522674, 0.6343681725859641, 0.2251660269498825]","[0.553566389977932, 0.7861990487575531, 0.32073570482432845]","[0.04307750926017595, -0.03384832772254687, 0.02910219848617801]","[true, true, true]","[0.12342912882566454, 0.15183087617158897, 0.09556967787444595]",5.359989635383791e-13,5.36001456254445e-13,True,False,False
29,"ours raw positive(s,anchor)-local-gate full-dataset score + shared NPE","[0.2729624807834625, 0.46274882555007935, 0.31784647703170776]","[0.2916143339685719, 0.42709443035870726, 0.3044061144247643]","[0.03696310295448874, 0.041762127175399, 0.029331751548193577]","[0.2338187577947974, 0.3599449127912521, 0.2585770261287689]","[0.3541697388887405, 0.4961503572762012, 0.3530561004579067]","[0.01865185318510937, -0.03565439519137209, -0.013440362606943479]","[true, true, true]","[0.12035098109394307, 0.1362054444849491, 0.09447907432913777]",1.7172776539272806e-13,1.7169477033419403e-13,True,False,False
30,"ours raw positive(s,anchor)-local-gate full-dataset score + shared NPE","[0.8186419010162354, 0.8350763320922852, 0.7339180111885071]","[0.7632646032726771, 0.7896179104268541, 0.7119446272182465]","[0.04790377465939881, 0.04642036139674993, 0.03866927301340735]","[0.6779954499006271, 0.7008404237031937, 0.6440411931276322]","[0.8333381950855254, 0.8442239540815353, 0.7712859967350959]","[-0.05537729774355826, -0.045458421665431015, -0.021973383970260607]","[true, true, true]","[0.15534274518489832, 0.14338353037834162, 0.1272448036074637]",2.6166383676226648,2.332283430959115,False,True,False
31,"ours raw positive(s,anchor)-local-gate full-dataset score + shared NPE","[0.4550431966781616, 0.47419852018356323, 0.5706247091293335]","[0.3984589236384633, 0.5505805133771884, 0.6352232058906568]","[0.03954301818180896, 0.042050558378088757, 0.028799514796752877]","[0.33366199940443036, 0.4823113963007926, 0.5877557405829429]","[0.46362691178917886, 0.6204149222373962, 0.6828302192687988]","[-0.05658427303969832, 0.07638199319362515, 0.06459849676132334]","[true, false, false]","[0.1299649123847485, 0.13810352593660363, 0.09507447868585595]",2.531460693181429e-09,2.5314606973870552e-09,True,False,False
32,"ours raw positive(s,anchor)-local-gate full-dataset score + shared NPE","[0.5241760015487671, 0.6595979332923889, 0.3378017544746399]","[0.5017665766644468, 0.6935171320247632, 0.3287671933713568]","[0.04005191173328219, 0.04191570242889447, 0.028861124592952387]","[0.4376199059188366, 0.6240758642554283, 0.28187811069190505]","[0.5689722040295602, 0.7618740260601043, 0.37660166084766383]","[-0.022409424884320295, 0.033919198732374256, -0.0090345611032831]","[true, true, true]","[0.13135229811072358, 0.13779816180467608, 0.09472355015575878]",1.4607452841647973e-09,1.4607453743825826e-09,True,False,False
33,"ours raw positive(s,anchor)-local-gate full-dataset score + shared NPE","[0.46883025765419006, 0.2836843729019165, 0.1896786391735077]","[0.4689340295058502, 0.21973754397656658, 0.2304353061783976]","[0.04605629401820185, 0.047508627229518416, 0.03734139493963311]","[0.39293697923421855, 0.15863804122898725, 0.17191071432083843]","[0.542800796031952, 0.3060180125385523, 0.2919484153389931]","[0.00010377185166016156, -0.06394682892534992, 0.04075666700488992]","[true, true, true]","[0.14986381679773342, 0.14737997130956507, 0.12003770101815464]",1.6083586349734104e-08,1.608358622655688e-08,True,False,False
34,"ours raw positive(s,anchor)-local-gate full-dataset score + shared NPE","[0.3300318419933319, 0.7649827003479004, 0.3488997519016266]","[0.35324647104606033, 0.7545127853238578, 0.2690403707028685]","[0.04800766518466893, 0.050749958078091705, 0.03278786131238962]","[0.27586586371064187, 0.6608807411789894, 0.21587667882442474]","[0.4344936421513557, 0.8302278518676757, 0.3235111141204834]","[0.02321462905272842, -0.010469915024042598, -0.07985938119875807]","[true, true, false]","[0.15862777844071385, 0.16934711068868624, 0.10763443529605865]",2.08131691631781e-12,2.081244461208121e-12,True,False,False
35,"ours raw positive(s,anchor)-local-gate full-dataset score + shared NPE","[0.40908774733543396, 0.2611411213874817, 0.37282657623291016]","[0.35716751041606126, 0.23784840750432668, 0.4138665182089805]","[0.03830806830026473, 0.03763239451948793, 0.029321797457885032]","[0.2937084595859051, 0.17932210020720957, 0.3665156354010105]","[0.4196642702817917, 0.3000843048840761, 0.46190406903624537]","[-0.0519202369193727, -0.023292713883155014, 0.04103994197607036]","[true, true, true]","[0.12595581069588663, 0.12076220467686655, 0.09538843363523486]",1.8871059632191488e-13,1.8859612840901107e-13,True,False,False
36,"ours raw positive(s,anchor)-local-gate full-dataset score + shared NPE","[0.36088451743125916, 0.6850845813751221, 0.4361277222633362]","[0.3759331027962264, 0.7693033837091924, 0.4715314131194359]","[0.04177278460443675, 0.04610482531406134, 0.03147819465466167]","[0.3083508434891701, 0.6866473898291587, 0.4195042136311531]","[0.4433191476762295, 0.8358653265237808, 0.5231983718276023]","[0.015048585364967226, 0.08421880233407031, 0.035403690856099734]","[true, false, true]","[0.1349683041870594, 0.14921793669462202, 0.10369415819644923]",0.904089208514152,0.8123937848217379,False,True,False
37,"ours raw positive(s,anchor)-local-gate full-dataset score + shared NPE","[0.6096636652946472, 0.4053933620452881, 0.3033752739429474]","[0.6421429299044582, 0.3862540088273583, 0.29307959687411794]","[0.040512372555942915, 0.03965985787035876, 0.029944317088915647]","[0.5753331410884857, 0.31989925898611543, 0.2467061050236225]","[0.7068290370702743, 0.4521181745827198, 0.34464500069618226]","[0.03247926460981099, -0.01913935321792981, -0.010295677068829445]","[true, true, true]","[0.13149589598178868, 0.13221891559660437, 0.09793889567255976]",4.3285668167313907e-13,4.328477347572763e-13,True,False,False
38,"ours raw positive(s,anchor)-local-gate full-dataset score + shared NPE","[0.20087414979934692, 0.15136893093585968, 0.3199101686477661]","[0.2066000912479908, 0.21309548854028948, 0.3246843702386329]","[0.03713871281824102, 0.04066215439488808, 0.03212489347776086]","[0.1569262512912974, 0.15914918261114508, 0.2743372421711683]","[0.27718416042625904, 0.28356358192861086, 0.3783496533334255]","[0.005725941448643884, 0.0617265576044298, 0.004774201590866778]","[true, false, true]","[0.12025790913496165, 0.12441439931746578, 0.10401241116225723]",0.18227974166115182,0.17553184876002292,False,True,False
39,"ours raw positive(s,anchor)-local-gate full-dataset score + shared NPE","[0.1594097763299942, 0.424967885017395, 0.35671356320381165]","[0.21446204274623928, 0.43456262552052766, 0.37279983578622394]","[0.04509530330345745, 0.05126201664295875, 0.03343857685493125]","[0.15643489487934858, 0.3537330737709999, 0.32239641070365904]","[0.2979005114734173, 0.520765451490879, 0.4282039079070091]","[0.05505226641624508, 0.009594740503132637, 0.016086272582412298]","[true, true, true]","[0.1414656165940687, 0.16703237771987917, 0.10580749720335003]",0.6835043233116881,0.5832963159723874,False,True,False
40,"ours raw positive(s,anchor)-local-gate full-dataset score + shared NPE","[0.30373597145080566, 0.5879940390586853, 0.26307281851768494]","[0.2553480504583851, 0.7575288399350634, 0.2377974067926321]","[0.04565941940255478, 0.05122261569899963, 0.03203781415880022]","[0.18316867405548692, 0.6640559223294258, 0.1879823718778789]","[0.3324479591846466, 0.8324710169434547, 0.2918945182859897]","[-0.04838792099242056, 0.16953480087637807, -0.02527541172505285]","[true, false, true]","[0.14927928512915967, 0.16841509461402893, 0.10391214640811083]",2.0973892213903613e-12,2.0972638947422293e-12,True,False,False
41,"ours raw positive(s,anchor)-local-gate full-dataset score + shared NPE","[0.7359768152236938, 0.7046298980712891, 0.8351590633392334]","[0.6921412342119218, 0.6834746681725989, 0.7833946188497533]","[0.05044669737322725, 0.04910124660594702, 0.03742636880436474]","[0.607743791937828, 0.6037077599763869, 0.7165543451905251]","[0.773134716451168, 0.7640497747063637, 0.8395715278387069]","[-0.043835581011772096, -0.02115522989869012, -0.051764444489480144]","[true, true, true]","[0.16539092451334003, 0.16034201472997678, 0.12301718264818184]",0.9636218017092117,0.9465506206015646,False,True,False
42,"ours raw positive(s,anchor)-local-gate full-dataset score + shared NPE","[0.16901865601539612, 0.25123515725135803, 0.7941722273826599]","[0.20058184266226878, 0.23654890098980194, 0.81696461766243]","[0.02869608945113389, 0.03909050436641681, 0.021141602016986005]","[0.15752374216914178, 0.17339775955304504, 0.7784990748763084]","[0.25073716826736925, 0.3037060927599669, 0.8464281871914864]","[0.03156318664687266, -0.014686256261556091, 0.02279239027977009]","[true, true, true]","[0.09321342609822747, 0.13030833320692187, 0.06792911231517795]",1.5896827269675501e-07,1.5896827309881808e-07,True,False,False
43,"ours raw positive(s,anchor)-local-gate full-dataset score + shared NPE","[0.7711024284362793, 0.6756992340087891, 0.7717226147651672]","[0.7408667877393962, 0.650802350561619, 0.7620697303557386]","[0.05038985437917727, 0.04855619598768442, 0.03160567706400047]","[0.6570359185338019, 0.5715612486004829, 0.7092781168222427]","[0.8152858898043632, 0.7291348588466644, 0.812693974673748]","[-0.030235640696883115, -0.024896883447170115, -0.009652884409428686]","[true, true, true]","[0.15824997127056128, 0.15757361024618155, 0.10341585785150531]",6.16163921612913e-13,6.161721383352646e-13,True,False,False
44,"ours raw positive(s,anchor)-local-gate full-dataset score + shared NPE","[0.6034439206123352, 0.2322896271944046, 0.20862364768981934]","[0.6284972902929805, 0.20882625847251599, 0.20935243992596025]","[0.040948999824563875, 0.03663095006582342, 0.029497831088746873]","[0.560544810295105, 0.15791107120458037, 0.16373643462546167]","[0.6949656397104264, 0.2724848059564829, 0.26031107366085054]","[0.02505336968064531, -0.023463368721888617, 0.0007287922361409183]","[true, true, true]","[0.1344208294153214, 0.11457373475190252, 0.09657463903538888]",1.3740987592961969e-13,1.373909067299175e-13,True,False,False
45,"ours raw positive(s,anchor)-local-gate full-dataset score + shared NPE","[0.5332647562026978, 0.8478276133537292, 0.46407952904701233]","[0.6135395213299977, 0.7740940730297556, 0.450938501652777]","[0.04392167624773737, 0.04315238811915463, 0.031458024046684296]","[0.5420200496912002, 0.6979634991288185, 0.3995700071752071]","[0.6851036149263383, 0.8375277227163315, 0.5024988681077956]","[0.08027476512729992, -0.07373354032397361, -0.013141027394235338]","[false, false, true]","[0.1430835652351381, 0.13956422358751297, 0.10292886093258857]",2.4110023153265123,1.6964470275912502,False,True,False
46,"ours raw positive(s,anchor)-local-gate full-dataset score + shared NPE","[0.7648411393165588, 0.5209066271781921, 0.5981040000915527]","[0.7370643793034558, 0.4540451174822457, 0.5647704125791768]","[0.040223328974019985, 0.040002566716021135, 0.028668006654962913]","[0.6719651007652283, 0.3881882098317146, 0.5171964529156684]","[0.8024384745955467, 0.5211883896589279, 0.6115360432863235]","[-0.02777676001310303, -0.06686150969594645, -0.03333358751237592]","[true, true, true]","[0.13047337383031843, 0.1330001798272133, 0.09433959037065509]",6.331643238917664e-14,6.330516243867463e-14,True,False,False
47,"ours raw positive(s,anchor)-local-gate full-dataset score + shared NPE","[0.43928763270378113, 0.629214346408844, 0.19327397644519806]","[0.39956493324816295, 0.658424089286924, 0.2118748048754378]","[0.039529544618034845, 0.04349292522350623, 0.02772662380845249]","[0.3357550817728042, 0.585020387172699, 0.16844680155627428]","[0.46616359159350396, 0.7277790012955665, 0.2592565195262432]","[-0.03972269945561818, 0.02920974287807998, 0.018600828430239746]","[true, true, true]","[0.13040850982069974, 0.1427586141228675, 0.0908097179699689]",2.008312609098831e-13,2.0081472620316362e-13,True,False,False
48,"ours raw positive(s,anchor)-local-gate full-dataset score + shared NPE","[0.39165812730789185, 0.4412103593349457, 0.5161562561988831]","[0.3484047838720687, 0.4689202830046426, 0.485932597627044]","[0.03759466525791906, 0.03836649411707783, 0.02599199019982982]","[0.28754671923816205, 0.40546729981899254, 0.44308199375867846]","[0.4123808832466602, 0.5303766757249833, 0.5283163210749625]","[-0.043253343435823155, 0.027709923669696934, -0.030223658571839063]","[true, true, true]","[0.12483416400849817, 0.12490937590599072, 0.08523432731628405]",1.4356689298581982e-12,1.4356749591287233e-12,True,False,False
49,"ours raw positive(s,anchor)-local-gate full-dataset score + shared NPE","[0.4881109595298767, 0.46849459409713745, 0.5074059963226318]","[0.4890504120939965, 0.4785367724815007, 0.49634803014576356]","[0.03873422396580585, 0.04284173718711624, 0.02883632892431402]","[0.4258178646862507, 0.4099514937400817, 0.44950767487287513]","[0.5554721370339393, 0.5498867183923721, 0.5440508767962455]","[0.0009394525641198137, 0.010042178384363276, -0.011057966176868272]","[true, true, true]","[0.12965427234768856, 0.1399352246522904, 0.0945432019233704]",2.7110467680148855e-13,2.711395174010834e-13,True,False,False
50,"ours raw positive(s,anchor)-local-gate full-dataset score + shared NPE","[0.6435026526451111, 0.304836243391037, 0.6426960825920105]","[0.6145024313235287, 0.3168507797725874, 0.6582867010664949]","[0.03816530603211049, 0.03890920178715692, 0.026505159680236107]","[0.5539916312694549, 0.2550795229524374, 0.6159507200121879]","[0.6786288318037986, 0.38006825178861614, 0.701171664595604]","[-0.02900022132158242, 0.012014536381550422, 0.015590618474484397]","[true, true, true]","[0.12463720053434368, 0.12498872883617873, 0.08522094458341611]",5.658997430299184e-13,5.658589804713342e-13,True,False,False
51,"ours raw positive(s,anchor)-local-gate full-dataset score + shared NPE","[0.353398859500885, 0.16956067085266113, 0.37758564949035645]","[0.26611638157230566, 0.19811831176780412, 0.4361687611776594]","[0.04257881262528806, 0.03564721587368991, 0.030492527626011675]","[0.19999935057014226, 0.1548447786294855, 0.38711724281311033]","[0.34080047950148584, 0.2621956404298544, 0.4878311289846897]","[-0.08728247792857935, 0.028557640915142984, 0.05858311168730296]","[false, true, false]","[0.14080112893134358, 0.10735086180036887, 0.10071388617157939]",1.2462002101252467,0.756112243354053,False,True,False
52,"ours raw positive(s,anchor)-local-gate full-dataset score + shared NPE","[0.22114337980747223, 0.5247094035148621, 0.41497910022735596]","[0.20889684623020402, 0.5564931636279822, 0.40168338694572453]","[0.04452097325246069, 0.04797465876043246, 0.03619109849128923]","[0.1546862105373293, 0.4844460152089596, 0.3517043098807334]","[0.2921909599006176, 0.6401236656308174, 0.4538378129899502]","[-0.01224653357726821, 0.03178376011312012, -0.013295713281631427]","[true, true, true]","[0.1375047493632883, 0.15567765042185777, 0.10213350310921676]",0.5193231143891247,0.473376160762548,False,True,False
53,"ours raw positive(s,anchor)-local-gate full-dataset score + shared NPE","[0.648792564868927, 0.45278748869895935, 0.7042837738990784]","[0.6740793123722089, 0.5742696336489931, 0.7849483223175998]","[0.04829660336067285, 0.044187070872076364, 0.03514848434910018]","[0.5944916716217995, 0.5003854790329934, 0.7236432778835297]","[0.7518653377890587, 0.6463340464234352, 0.8387088140845299]","[0.02528674750328186, 0.12148214495003373, 0.08066454841852144]","[true, false, false]","[0.15737366616725923, 0.14594856739044182, 0.11506553620100024]",2.44283635211714,2.3429297629912487,False,True,False
54,"ours raw positive(s,anchor)-local-gate full-dataset score + shared NPE","[0.28592655062675476, 0.571823239326477, 0.8397762179374695]","[0.24268269374695123, 0.5376884191793182, 0.784920240675212]","[0.03713074542276516, 0.04562010748500019, 0.03003188402702918]","[0.18032918840646742, 0.4642299953103065, 0.7341713267564773]","[0.3050207798928022, 0.6119143146276473, 0.8335143506526947]","[-0.04324385687980353, -0.03413482014715885, -0.05485597726225744]","[true, true, false]","[0.12469159148633477, 0.14768431931734083, 0.09934302389621741]",2.0984101713482146,2.0136884375563517,False,True,False
55,"ours raw positive(s,anchor)-local-gate full-dataset score + shared NPE","[0.6970400810241699, 0.7142921686172485, 0.25214239954948425]","[0.6479046416872742, 0.7236341801118868, 0.25170169265207903]","[0.04316528540936731, 0.044068703692268035, 0.03336966116858714]","[0.5750741919875144, 0.6523282945156097, 0.20058234069496392]","[0.7187450265884399, 0.7956441414356231, 0.3098777423799038]","[-0.04913543933689568, 0.009342011494638314, -0.0004407068974052186]","[true, true, true]","[0.14367083460092545, 0.14331584692001342, 0.10929540168493987]",3.42483451788374e-13,3.4252340679600487e-13,True,False,False
56,"ours raw positive(s,anchor)-local-gate full-dataset score + shared NPE","[0.5824708342552185, 0.6140996217727661, 0.5308200120925903]","[0.5550522456270467, 0.6843412474608411, 0.5204155296927706]","[0.037981112520043, 0.03972326436222881, 0.029048921711634763]","[0.4932039040327072, 0.6200707137584686, 0.4723902413249016]","[0.6181619188189507, 0.7498937660455705, 0.567988106906414]","[-0.027418588628171814, 0.07024162568807502, -0.010404482399819726]","[true, false, true]","[0.12495801478624347, 0.1298230522871019, 0.0955978655815124]",8.560707472591911e-13,8.56064182028912e-13,True,False,False
57,"ours raw positive(s,anchor)-local-gate full-dataset score + shared NPE","[0.6746050119400024, 0.19097594916820526, 0.6693199872970581]","[0.6791335352778418, 0.2237358715489148, 0.618040205035211]","[0.048305380876882846, 0.0497595253190611, 0.033340505089592944]","[0.6026068252325057, 0.15871374141890557, 0.5626143649220466]","[0.7590590938925743, 0.3143398834764957, 0.6710579288005829]","[0.004528523337839374, 0.032759922380709544, -0.05127978226184715]","[true, true, true]","[0.15645226866006856, 0.15562614205759015, 0.10844356387853626]",1.8153739442038621,1.4829495008885132,False,True,False
58,"ours raw positive(s,anchor)-local-gate full-dataset score + shared NPE","[0.17370809614658356, 0.19239109754562378, 0.16948789358139038]","[0.22912779626544696, 0.2207640974467698, 0.20279307586260678]","[0.05006096372931225, 0.05478489140687017, 0.038416896124041686]","[0.16516402402892708, 0.1566936536831781, 0.15697987088467927]","[0.32727026745676996, 0.3354022720456124, 0.27375368773937225]","[0.05541970011886341, 0.02837299990114603, 0.0333051822812164]","[true, true, true]","[0.16210624342784288, 0.1787086183624343, 0.11677381685469299]",2.381446034260139,0.2554567519184556,False,True,False
59,"ours raw positive(s,anchor)-local-gate full-dataset score + shared NPE","[0.2476489096879959, 0.36943620443344116, 0.6996678709983826]","[0.21847243276425976, 0.30730016447884984, 0.6499040602254876]","[0.05334002300090869, 0.049752637502534044, 0.031012388505755762]","[0.15887003952171652, 0.2329639122635126, 0.6031823244690895]","[0.30359738543629644, 0.3958445829153061, 0.7027832314372062]","[-0.02917647692373615, -0.06213603995459133, -0.049763810772894934]","[true, true, true]","[0.14472734591457992, 0.1628806706517935, 0.09960090696811674]",0.5570732694597691,0.527966973232619,False,True,False
60,"ours raw positive(s,anchor)-local-gate full-dataset score + shared NPE","[0.6132141351699829, 0.5637159943580627, 0.49089622497558594]","[0.640825267632604, 0.5698645095908631, 0.5179211953794972]","[0.04377714925957188, 0.0431476620959404, 0.0293755213815609]","[0.567197236418724, 0.4991638472676277, 0.4709801998734474]","[0.7098967120051384, 0.6420418754220009, 0.5669292521476745]","[0.027611132462621035, 0.006148515232800356, 0.027024970403911275]","[true, true, true]","[0.14269947558641438, 0.14287802815437317, 0.09594905227422712]",3.586210690359218e-11,3.586211322063569e-11,True,False,False
61,"ours raw positive(s,anchor)-local-gate full-dataset score + shared NPE","[0.43195846676826477, 0.7765629291534424, 0.5475881695747375]","[0.45753551179468466, 0.7277378027933834, 0.4715755726790435]","[0.04031653175642388, 0.04703919017026675, 0.02966971828768093]","[0.3914144706726074, 0.6481383746862411, 0.42263850808143616]","[0.5259408265352249, 0.8042688193917275, 0.5196100220084191]","[0.025577045026419887, -0.04882512636005898, -0.07601259689569406]","[true, true, false]","[0.13452635586261752, 0.15613044470548632, 0.09697151392698294]",4.036646935072946e-13,4.036555219689162e-13,True,False,False
62,"ours raw positive(s,anchor)-local-gate full-dataset score + shared NPE","[0.15162350237369537, 0.827583372592926, 0.7128254771232605]","[0.21472210608913703, 0.7728264113724207, 0.741456437153815]","[0.038947944928260654, 0.04442810618777006, 0.030882555188034844]","[0.15939263015519825, 0.6931296372413636, 0.6912745025753975]","[0.28255783408880236, 0.8376570773124694, 0.7918869605660439]","[0.06309860371544165, -0.05475696122050533, 0.028630960030554542]","[false, true, true]","[0.12316520393360411, 0.14452744007110585, 0.10061245799064644]",3.4697838002496215e-13,3.468476747828561e-13,True,False,False
63,"ours raw positive(s,anchor)-local-gate full-dataset score + shared NPE","[0.3236696124076843, 0.5109802484512329, 0.46932852268218994]","[0.3229775038636477, 0.5210737255316974, 0.46175714171230675]","[0.04853692343779451, 0.045831061976012916, 0.03167811184503521]","[0.2532793649286032, 0.44794935420155524, 0.4095161199569702]","[0.40635815903544426, 0.5976771458983421, 0.5113953834772109]","[-0.0006921085440366181, 0.010093477080464486, -0.00757138096988319]","[true, true, true]","[0.15307879410684105, 0.14972779169678685, 0.10187926352024074]",4.4741240754614404e-13,4.4747443028420044e-13,True,False,False
64,"ours raw positive(s,anchor)-local-gate full-dataset score + shared NPE","[0.1962602138519287, 0.3466756045818329, 0.3970346748828888]","[0.2235156447997248, 0.37102989892303795, 0.3947142583486451]","[0.038558318403505015, 0.041821067082924386, 0.028949952969726328]","[0.16694633617065846, 0.30299867868423463, 0.3490553131699562]","[0.29514014706015584, 0.43970269516110416, 0.44247068241238596]","[0.02725543094779609, 0.024354294341205063, -0.0023204165342436966]","[true, true, true]","[0.12819381088949738, 0.13670401647686953, 0.09341536924242977]",6.877102205129394e-14,6.874360754774305e-14,True,False,False
65,"ours raw positive(s,anchor)-local-gate full-dataset score + shared NPE","[0.3466476500034332, 0.20850993692874908, 0.6581909656524658]","[0.36030598254978624, 0.22799125474709772, 0.7259634813797479]","[0.03883233099342248, 0.03738444156900642, 0.02745620228905624]","[0.29701316639780995, 0.16983043779619036, 0.6823709985613823]","[0.425102571696043, 0.29256010480225086, 0.7707357588410377]","[0.013658332546353014, 0.019481317818348637, 0.06777251572728205]","[true, true, false]","[0.12808940529823304, 0.1227296670060605, 0.08836476027965545]",1.4317383248740969e-05,1.4317383248741289e-05,True,False,False
66,"ours raw positive(s,anchor)-local-gate full-dataset score + shared NPE","[0.7798730731010437, 0.5542789101600647, 0.630500853061676]","[0.7151088790714755, 0.5405803831332925, 0.6261903754436972]","[0.04267977592133361, 0.0407417948424929, 0.028752131800812184]","[0.6445815300941466, 0.47532405450940135, 0.5789744627475738]","[0.7839823195338249, 0.6069298088550567, 0.6730383291840554]","[-0.06476419402956823, -0.013698527026772211, -0.0043104776179788695]","[true, true, true]","[0.13940078943967826, 0.1316057543456553, 0.09406386643648157]",1.4888972735270737e-12,1.4889052314466085e-12,True,False,False
67,"ours raw positive(s,anchor)-local-gate full-dataset score + shared NPE","[0.5850896239280701, 0.2033321112394333, 0.7259693741798401]","[0.5232030022573477, 0.25178348567209363, 0.7829620505881312]","[0.04229705035256287, 0.03871179286929514, 0.030692663915825254]","[0.4481245574355125, 0.19024645959958433, 0.7292561587691307]","[0.5881563609838485, 0.31592834189534186, 0.8313724333047867]","[-0.06188662167072234, 0.048451374432660343, 0.05699267640829109]","[true, true, false]","[0.140031803548336, 0.12568188229575752, 0.10211627453565597]",4.524229437765882e-11,4.524243319014928e-11,True,False,False
68,"ours raw positive(s,anchor)-local-gate full-dataset score + shared NPE","[0.1787826418876648, 0.3575385808944702, 0.2037234902381897]","[0.21767585664178132, 0.3778971951931714, 0.2040635133084365]","[0.039679744758580174, 0.04855323977550362, 0.030927776672951827]","[0.16099330090451985, 0.30330002434551717, 0.1601513291802257]","[0.29189614236354827, 0.46252029329538347, 0.260600311756134]","[0.03889321475411653, 0.020358614298701172, 0.00034002307024680323]","[true, true, true]","[0.13090284145902842, 0.1592202689498663, 0.10044898257590831]",4.2791510505514914e-08,4.279151063384274e-08,True,False,False
69,"ours raw positive(s,anchor)-local-gate full-dataset score + shared NPE","[0.7080790400505066, 0.16288936138153076, 0.40549054741859436]","[0.7348930021774795, 0.23519326290532122, 0.43316264765888474]","[0.03963938162079703, 0.03888784934634907, 0.028806856474881345]","[0.6694204121828079, 0.175484624505043, 0.3863215741515159]","[0.7993029972910881, 0.3003145817667246, 0.48055973529815665]","[0.026813962126972957, 0.07230390152379046, 0.027672100240290376]","[true, false, true]","[0.1298825851082802, 0.12482995726168158, 0.09423816114664074]",2.3871838263124283e-13,2.3858393155919655e-13,True,False,False
70,"ours raw positive(s,anchor)-local-gate full-dataset score + shared NPE","[0.21014152467250824, 0.18116912245750427, 0.2789314091205597]","[0.2131271232043026, 0.2146047615462939, 0.26835915123454895]","[0.04168332621101814, 0.04331727911079802, 0.03374028229747614]","[0.15868278713431208, 0.15935837829951197, 0.21650993973016738]","[0.29486629128456116, 0.2923358819633723, 0.32386618576943876]","[0.0029855985317943645, 0.03343563908878963, -0.010572257886010739]","[true, true, true]","[0.13618350415024907, 0.13297750366386032, 0.10735624603927138]",0.24726250592641053,0.20623842913233456,False,True,False
71,"ours raw positive(s,anchor)-local-gate full-dataset score + shared NPE","[0.8455197215080261, 0.5394134521484375, 0.48146697878837585]","[0.7094961165881154, 0.5524351132512093, 0.45908892105519816]","[0.043593691666835584, 0.040629736373311444, 0.028898599283865598]","[0.6359659561514854, 0.4865380784869194, 0.41233960956335064]","[0.77819912225008, 0.619081351161003, 0.5069377338886261]","[-0.13602360491991072, 0.013021661102771809, -0.022378057733177692]","[false, true, true]","[0.1422331660985946, 0.13254327267408367, 0.09459812432527542]",1.4761504772152838e-08,1.4761504900345743e-08,True,False,False
72,"ours raw positive(s,anchor)-local-gate full-dataset score + shared NPE","[0.592112123966217, 0.38079118728637695, 0.4744180142879486]","[0.5697147719514374, 0.35070198142200654, 0.4435764088797563]","[0.038422226160060524, 0.03903214824200669, 0.02813509105386931]","[0.5068403622508049, 0.28691492542624475, 0.39765901759266853]","[0.6328798207640648, 0.41474432289600366, 0.48964472502470013]","[-0.02239735201477966, -0.030089205864370416, -0.030841605408192307]","[true, true, true]","[0.12603945851325993, 0.1278293974697589, 0.0919857074320316]",3.9906274853887046e-05,3.990627485385493e-05,True,False,False
73,"ours raw positive(s,anchor)-local-gate full-dataset score + shared NPE","[0.42627087235450745, 0.419717013835907, 0.2729575037956238]","[0.4644026370078314, 0.4475796626523144, 0.29436484979689076]","[0.03812597803770924, 0.039017142269053805, 0.02908558041067047]","[0.40236194252967833, 0.38313954308629034, 0.2477949108183384]","[0.5255320012569428, 0.512088452577591, 0.3428303261101246]","[0.03813176465332396, 0.02786264881640743, 0.02140734600126698]","[true, true, true]","[0.12317005872726444, 0.1289489094913006, 0.09503541529178619]",3.4696394769943803e-13,3.469784176910698e-13,True,False,False
74,"ours raw positive(s,anchor)-local-gate full-dataset score + shared NPE","[0.26155713200569153, 0.5828635692596436, 0.5931220650672913]","[0.31745440145872444, 0.5716273460078256, 0.5751860145902622]","[0.044868081504974865, 0.04263401008596458, 0.033097257068608915]","[0.24236205533146857, 0.5031617254018783, 0.5223657718300819]","[0.38834760621190073, 0.6428922349214553, 0.6316092330217361]","[0.055897269453032916, -0.011236223251817945, -0.017936050477029064]","[true, true, true]","[0.14598555088043216, 0.139730509519577, 0.10924346119165418]",3.264767005788987e-13,3.264782953936746e-13,True,False,False
75,"ours raw positive(s,anchor)-local-gate full-dataset score + shared NPE","[0.8233585357666016, 0.339224636554718, 0.6658146381378174]","[0.7721396888875954, 0.34108825264021775, 0.656714736266137]","[0.0481187440707668, 0.045460405859630564, 0.031145163144030787]","[0.6862380138039589, 0.2668698363006115, 0.6042848363518715]","[0.8355307519435883, 0.4143737661838532, 0.7070627957582474]","[-0.05121884687900613, 0.0018636160854997308, -0.009099901871680416]","[true, true, true]","[0.1492927381396294, 0.14750392988324168, 0.10277795940637591]",8.453123512015126e-13,8.45273578572645e-13,True,False,False
76,"ours raw positive(s,anchor)-local-gate full-dataset score + shared NPE","[0.5664742588996887, 0.39147549867630005, 0.7857506275177002]","[0.5443340132415294, 0.3163618227649481, 0.751241657743455]","[0.04293313049792098, 0.04606547916248407, 0.02890289823598907]","[0.4734412072598934, 0.24124337725341322, 0.7025551617145538]","[0.6136842149496079, 0.39280533298850057, 0.7979162749648094]","[-0.022140245658159308, -0.07511367591135193, -0.034508969774245224]","[true, true, true]","[0.14024300768971448, 0.15156195573508735, 0.09536111325025565]",3.639827181222832e-13,3.640446860888328e-13,True,False,False
77,"ours raw positive(s,anchor)-local-gate full-dataset score + shared NPE","[0.30914729833602905, 0.31194785237312317, 0.6194939017295837]","[0.3102407217970492, 0.36592942249506744, 0.686039803968668]","[0.04026161198850974, 0.04122561290570317, 0.03026577190709063]","[0.2437332034111023, 0.3010883650183677, 0.6353478470444679]","[0.37531073197722437, 0.434989207983017, 0.734109933078289]","[0.0010934234610201488, 0.05398157012194427, 0.0665459022390843]","[true, true, false]","[0.13157752856612207, 0.13390084296464927, 0.09876208603382108]",7.780698670962888e-13,7.781197490043628e-13,True,False,False
78,"ours raw positive(s,anchor)-local-gate full-dataset score + shared NPE","[0.6938978433609009, 0.6430899500846863, 0.31098851561546326]","[0.7361341685938845, 0.72102225799799, 0.3347740524716682]","[0.04120734086865334, 0.04258944556817006, 0.029409712609445682]","[0.6668520498275757, 0.6492017188668251, 0.2876613596081734]","[0.8014544984698295, 0.7884469389915466, 0.3840898860991001]","[0.042236325232983596, 0.07793230791330374, 0.023785536856204936]","[true, false, true]","[0.1346024486422538, 0.1392452201247215, 0.0964285264909267]",3.499293751544001e-09,3.499293739930885e-09,True,False,False
79,"ours raw positive(s,anchor)-local-gate full-dataset score + shared NPE","[0.6340157985687256, 0.6520825624465942, 0.1796959787607193]","[0.6305393233537679, 0.6736590672898285, 0.17729332388439886]","[0.041822072332754416, 0.04646154575971409, 0.022286536001764796]","[0.5614900025725365, 0.5933493933081627, 0.15187025812221688]","[0.7006473889946937, 0.747032385468483, 0.22204338032752277]","[-0.0034764752149576417, 0.021576504843234257, -0.002402654876320437]","[true, true, true]","[0.13915738642215725, 0.15368299216032033, 0.07017312220530589]",3.851697282825543e-13,3.8510863467147173e-13,True,False,False
80,"ours raw positive(s,anchor)-local-gate full-dataset score + shared NPE","[0.378365695476532, 0.7581413388252258, 0.1734493374824524]","[0.3426339438502476, 0.7202560404026493, 0.1905951437366985]","[0.04243042539341288, 0.04589472069146747, 0.026667960035407053]","[0.2740383357554674, 0.6412039452791214, 0.15528521344298496]","[0.41404900908470155, 0.7930648705363273, 0.2413745791465044]","[-0.03573175162628439, -0.037885298422576485, 0.01714580625424611]","[true, true, true]","[0.14001067332923417, 0.15186092525720596, 0.08608936570351944]",4.662283208003197e-13,4.662793429586595e-13,True,False,False
81,"ours raw positive(s,anchor)-local-gate full-dataset score + shared NPE","[0.7487397789955139, 0.6651632785797119, 0.676678478717804]","[0.6938855172252659, 0.6574159720462559, 0.6720208845353111]","[0.0446608454605604, 0.04464134152719967, 0.030035508930634888]","[0.6202471697330475, 0.5842869591712951, 0.6222088259458541]","[0.7641958957910537, 0.7305326336622239, 0.7211848437786103]","[-0.05485426177024799, -0.007747306533456011, -0.004657594182492897]","[true, true, true]","[0.14394872605800624, 0.14624567449092873, 0.09897601783275611]",3.518467086344049e-06,3.5184670863819438e-06,True,False,False
82,"ours raw positive(s,anchor)-local-gate full-dataset score + shared NPE","[0.7576656341552734, 0.22614364326000214, 0.25564178824424744]","[0.732429743871686, 0.20868469216271796, 0.2677687098357453]","[0.046705141221988156, 0.037539144414255536, 0.03484729343671282]","[0.6502523916959763, 0.15731953175738453, 0.21309936616569758]","[0.8058847796916961, 0.27496213026344773, 0.325216591656208]","[-0.025235890283587414, -0.01745895109728418, 0.012126921591497863]","[true, true, true]","[0.15563238799571988, 0.1176425985060632, 0.1121172254905104]",1.4148682836696363e-06,1.4148682836391594e-06,True,False,False
83,"ours raw positive(s,anchor)-local-gate full-dataset score + shared NPE","[0.552226722240448, 0.6055386662483215, 0.7383904457092285]","[0.44727578607112145, 0.5636669870030889, 0.7165190293622024]","[0.039609800319805585, 0.043137011253845274, 0.028146356111683056]","[0.38399027496576305, 0.49370973169803617, 0.670009346306324]","[0.5138589119911194, 0.634494785964489, 0.7610936281085015]","[-0.10495093616932655, -0.04187167924523261, -0.021871416347026162]","[false, true, true]","[0.1298686370253564, 0.14078505426645288, 0.09108428180217742]",6.436245058221676e-13,6.436134160827768e-13,True,False,False
84,"ours raw positive(s,anchor)-local-gate full-dataset score + shared NPE","[0.4779755473136902, 0.7389621138572693, 0.8247215151786804]","[0.4923077247554057, 0.6989163169604543, 0.8008468423306967]","[0.04629509709034092, 0.05580451962515574, 0.03711783704882111]","[0.4112288302183151, 0.5951483538746833, 0.7275215604901314]","[0.5629037761688233, 0.7805110305547714, 0.8455551135540008]","[0.014332177441715499, -0.04004579689681498, -0.023874672847983724]","[true, true, true]","[0.15167494595050818, 0.1853626766800881, 0.11803355306386942]",1.3174002290587955e-12,1.3174060859771325e-12,True,False,False
85,"ours raw positive(s,anchor)-local-gate full-dataset score + shared NPE","[0.7234543561935425, 0.560876727104187, 0.5906925797462463]","[0.7377506052231775, 0.5299828387069682, 0.5890553287303458]","[0.04331016912079037, 0.04466048071333255, 0.03033202826938905]","[0.6635099130868911, 0.457595680207014, 0.5394510844349861]","[0.8054280269145966, 0.6018019565939903, 0.637865292429924]","[0.014296249029635, -0.03089388839721885, -0.0016372510159005094]","[true, true, true]","[0.14191811382770547, 0.14420627638697625, 0.09841420799493783]",1.5470486392872536e-13,1.5466570311378079e-13,True,False,False
86,"ours raw positive(s,anchor)-local-gate full-dataset score + shared NPE","[0.6650304794311523, 0.17385846376419067, 0.2876843512058258]","[0.6614473492491256, 0.23484990895556015, 0.318397711270153]","[0.040496480379567885, 0.03968869198780767, 0.029675283164406315]","[0.5929770070314406, 0.17193726126104592, 0.2708662953227758]","[0.725631027817726, 0.30096092864871027, 0.3670716279745102]","[-0.003583130182026717, 0.06099144519136948, 0.030713360064327178]","[true, true, true]","[0.1326540207862854, 0.12902366738766435, 0.09620533265173442]",4.142101000131127e-07,4.142100999328099e-07,True,False,False
87,"ours raw positive(s,anchor)-local-gate full-dataset score + shared NPE","[0.7163795828819275, 0.7699273824691772, 0.6388408541679382]","[0.7332449561965476, 0.7736624226546283, 0.6189330530405043]","[0.04241901280918526, 0.04190765633100932, 0.031175804949319732]","[0.6620540741086006, 0.700221548974514, 0.5677538642287254]","[0.8005153539776803, 0.8369179436564446, 0.6695960065722465]","[0.016865373314620125, 0.0037350401854510107, -0.019907801127433955]","[true, true, true]","[0.13846127986907963, 0.1366963946819305, 0.10184214234352107]",2.639423415690632e-10,2.639423400844098e-10,True,False,False
88,"ours raw positive(s,anchor)-local-gate full-dataset score + shared NPE","[0.4187277555465698, 0.7874483466148376, 0.5643800497055054]","[0.46046236953586295, 0.7523049978518488, 0.5472456816267971]","[0.03766675826557378, 0.04139409601494876, 0.02906783821511773]","[0.4001035818457603, 0.6827298977971077, 0.49931874796748155]","[0.5240813484787941, 0.8174754405021667, 0.5947611370682716]","[0.04173461398929312, -0.03514334876298886, -0.017134368078708273]","[true, true, true]","[0.12397776663303378, 0.134745542705059, 0.09544238910079006]",2.9138412238927544e-13,2.9142516959011287e-13,True,False,False
89,"ours raw positive(s,anchor)-local-gate full-dataset score + shared NPE","[0.539845883846283, 0.7015700340270996, 0.7756559252738953]","[0.5501652883028985, 0.7274701055157193, 0.7854866838216781]","[0.046388676016144666, 0.047838494356761206, 0.03659258053071153]","[0.4729545399546623, 0.6485727491974831, 0.7209348276257516]","[0.6243694582581519, 0.8070792058110238, 0.8403451853990554]","[0.0103194044566155, 0.025900071488619725, 0.009830758547782814]","[true, true, true]","[0.15141491830348963, 0.15850645661354068, 0.11941035777330389]",1.9187032453037571,1.8259651467560751,False,True,False
90,"ours raw positive(s,anchor)-local-gate full-dataset score + shared NPE","[0.266614705324173, 0.5345802903175354, 0.7602442502975464]","[0.30223414087690464, 0.5037411529973133, 0.7326614179158232]","[0.044850377553200454, 0.05030343314853468, 0.03425911711955993]","[0.22755020070821047, 0.42084168478846545, 0.6741024097800256]","[0.3748167558014393, 0.5853477123379707, 0.7867994150519371]","[0.03561943555273167, -0.030839137320222143, -0.02758283238172321]","[true, true, true]","[0.14726655509322883, 0.16450602754950522, 0.11269700527191151]",2.675866266511141e-09,2.675866178837675e-09,True,False,False
91,"ours raw positive(s,anchor)-local-gate full-dataset score + shared NPE","[0.838509738445282, 0.332986980676651, 0.43976548314094543]","[0.758316322519778, 0.3143034039361026, 0.3893814768999814]","[0.050867275470122195, 0.04335541002246172, 0.031654185465466264]","[0.6630829006433487, 0.2451308535784483, 0.3391899734735489]","[0.8282347446680068, 0.38685925021767614, 0.44274696439504624]","[-0.080193415925504, -0.01868357674054838, -0.05038400624096401]","[false, true, true]","[0.1651518440246581, 0.14172839663922784, 0.10355699092149734]",2.193630095115726e-10,2.193629673240545e-10,True,False,False
92,"ours raw positive(s,anchor)-local-gate full-dataset score + shared NPE","[0.372257798910141, 0.604241669178009, 0.42786046862602234]","[0.37849411081612055, 0.4889368271511801, 0.43548793263405616]","[0.03558185437012138, 0.037255663090705216, 0.02597939890141476]","[0.3207940923422575, 0.4286236584186554, 0.39370231509208675]","[0.4379676702618599, 0.5508395898342132, 0.4790994152426719]","[0.0062363119059795635, -0.11530484202682895, 0.007627464008033824]","[true, false, true]","[0.11717357791960242, 0.12221593141555781, 0.08539710015058516]",1.298068957235089e-12,1.2980549762385424e-12,True,False,False
93,"ours raw positive(s,anchor)-local-gate full-dataset score + shared NPE","[0.7910144925117493, 0.271533340215683, 0.8073402047157288]","[0.7876842169535169, 0.2301904041867564, 0.7998796009588227]","[0.03788692428706577, 0.03545880602698531, 0.027278638293145484]","[0.719904027581215, 0.17062856917269528, 0.7517477533221245]","[0.8421865430474281, 0.2902731115370989, 0.8415288281440735]","[-0.0033302755582323984, -0.04134293602892658, -0.007460603756906048]","[true, true, true]","[0.12228251546621316, 0.11964454236440361, 0.08978107482194897]",1.0592362014482277,0.9400119465536827,False,True,False
94,"ours raw positive(s,anchor)-local-gate full-dataset score + shared NPE","[0.33311352133750916, 0.6733995676040649, 0.8167226910591125]","[0.27979118392254204, 0.6243031590312732, 0.7768397634506214]","[0.042380002288115184, 0.052782299120490955, 0.03440517196929153]","[0.2079938530549407, 0.5359637090563774, 0.7182708835601807]","[0.34823876202106474, 0.7093995773792267, 0.8324888932704925]","[-0.053322337414967114, -0.04909640857279174, -0.0398829276084911]","[true, true, true]","[0.14024490896612404, 0.1734358683228493, 0.11421800971031182]",1.2571952051842344e-10,1.2571966969977845e-10,True,False,False
95,"ours raw positive(s,anchor)-local-gate full-dataset score + shared NPE","[0.5725942850112915, 0.4142759442329407, 0.7904415130615234]","[0.5759363772749916, 0.43362135812848956, 0.7856954476451903]","[0.04477947852864745, 0.04812220164334395, 0.03197241070092565]","[0.4989057222008705, 0.3529966688156128, 0.7297282490134239]","[0.6462076166272163, 0.5105685746669769, 0.8346647399663925]","[0.0033420922637000805, 0.01934541389554889, -0.004746065416333156]","[true, true, true]","[0.14730189442634578, 0.1575719058513641, 0.10493649095296853]",7.610262365140024e-13,7.610017309788241e-13,True,False,False
96,"ours raw positive(s,anchor)-local-gate full-dataset score + shared NPE","[0.4013464152812958, 0.8064082860946655, 0.7216769456863403]","[0.4386609576374294, 0.7822896411979173, 0.7687876387357695]","[0.04322701318838145, 0.04404254029216998, 0.03451171743850694]","[0.3666118095815182, 0.7015175357460975, 0.7099480900168419]","[0.5094814732670784, 0.8422595065832138, 0.8249731609225273]","[0.03731454235613363, -0.024118644896748198, 0.047110693049429164]","[true, true, true]","[0.1428696636855602, 0.14074197083711626, 0.11502507090568537]",2.3906791565048757,0.49708824160944726,False,True,False
97,"ours raw positive(s,anchor)-local-gate full-dataset score + shared NPE","[0.8295088410377502, 0.5941469073295593, 0.3307245969772339]","[0.756323922913073, 0.6009555758112665, 0.3207369591295715]","[0.04303958308411865, 0.04250378005894211, 0.030174326850423098]","[0.6834090834856034, 0.5299353668093681, 0.27227398723363877]","[0.8229727542400359, 0.6691810083389282, 0.3708283071219921]","[-0.0731849181246772, 0.006808668481707136, -0.009987637847662378]","[false, true, true]","[0.13956367075443254, 0.1392456415295601, 0.09855431988835334]",1.7397685998485316e-13,1.7404476675024282e-13,True,False,False
98,"ours raw positive(s,anchor)-local-gate full-dataset score + shared NPE","[0.6856082081794739, 0.8176195621490479, 0.44813957810401917]","[0.7555276522100003, 0.8013045787084087, 0.45684455273926405]","[0.039949298267273774, 0.03497621984806695, 0.02923244856838488]","[0.6893003919720649, 0.7348557320237159, 0.40891303226351733]","[0.8192037886381149, 0.8454385450482369, 0.5054227104783058]","[0.06991944403052641, -0.016314983440639197, 0.008704974635244889]","[false, true, true]","[0.12990339666605, 0.110582813024521, 0.09650967821478845]",1.2202891204956727e-12,1.2202397575415283e-12,True,False,False
99,"ours raw positive(s,anchor)-local-gate full-dataset score + shared NPE","[0.5006178617477417, 0.6199762225151062, 0.5824617743492126]","[0.5302694301462164, 0.6088559938746688, 0.60118513888836]","[0.0384948292781599, 0.04029367226221956, 0.028077002644284338]","[0.46713395968079563, 0.5421482673287392, 0.555008741915226]","[0.593898469209671, 0.6753057354688645, 0.6474168503284454]","[0.029651568398474715, -0.01112022864043738, 0.018723364539147358]","[true, true, true]","[0.1267645095288754, 0.1331574681401253, 0.09240810841321945]",5.232948286638935e-13,5.232435356143546e-13,True,False,False
