truth_index,truth_label,method,grid_index,radius,angle_degrees,h_x,h_y,truth_delta,mean_estimated_delta,mse_across_datasets,coverage95,mean_width95
0,low,Linear,0,12.558511058242537,0.0,12.558511058242537,0.0,1.3190112339864741,1.3165432006295321,6.493883888451844e-05,0.96,0.037019508609411805
0,low,Linear,1,12.558511058242537,22.5,11.60255132552694,4.80593411716319,1.3436816486558703,1.3427282415242745,8.089807913776311e-05,0.92,0.0419172194505286
0,low,Linear,2,12.558511058242537,45.0,8.880208330889543,8.880208330889543,1.3826427943818416,1.3820727916419273,9.098818590330122e-05,0.96,0.04488307661873548
0,low,Linear,3,12.558511058242537,67.5,4.805934117163191,11.60255132552694,1.4120280849015423,1.4108294977671485,8.802828632514815e-05,0.99,0.04734307203789522
0,low,Linear,4,12.558511058242537,90.0,7.689870184766681e-16,12.558511058242537,1.4186557965694482,1.4163043774274147,7.929322628428633e-05,0.97,0.04627587784806742
0,low,Linear,5,12.558511058242537,112.5,-4.805934117163189,11.60255132552694,1.4000390307305155,1.3964630650762162,7.085236105149127e-05,0.97,0.04350492859935866
0,low,Linear,6,12.558511058242537,135.0,-8.880208330889543,8.880208330889543,1.363600457742448,1.3592492138205796,6.516500240610136e-05,0.99,0.038772952601511916
0,low,Linear,7,12.558511058242537,157.5,-11.60255132552694,4.805934117163192,1.3282473495624023,1.3242247287214979,6.165541540656842e-05,1.0,0.03504738203825591
0,low,Linear,8,20.427007245311284,0.0,20.427007245311284,0.0,1.4963109626987978,1.4927189622097787,0.00013153395505266554,0.96,0.05259708155176516
0,low,Linear,9,20.427007245311284,22.5,18.872093904402856,7.817077245582279,1.5308216192513346,1.5293680831121614,0.00015594912159504776,0.92,0.05807505121037032
0,low,Linear,10,20.427007245311284,45.0,14.444075342506348,14.444075342506345,1.583565069906132,1.5826349973426077,0.0001607846755821885,0.96,0.059574635221404736
0,low,Linear,11,20.427007245311284,67.5,7.817077245582281,18.872093904402856,1.6218046128784644,1.6200819540139866,0.000145062906097114,0.99,0.06074446635599208
0,low,Linear,12,20.427007245311284,90.0,1.2507934519565128e-15,20.427007245311284,1.6302353330586081,1.6270751464210096,0.00012960842796406894,0.97,0.058949713892381406
0,low,Linear,13,20.427007245311284,112.5,-7.817077245582278,18.872093904402856,1.606370266819975,1.6015781982839128,0.00012201407395031048,0.97,0.056771946845595105
0,low,Linear,14,20.427007245311284,135.0,-14.444075342506345,14.444075342506348,1.5580662185387517,1.5520596581656696,0.00012161902340912918,0.99,0.052711112213847854
0,low,Linear,15,20.427007245311284,157.5,-18.872093904402856,7.817077245582282,1.5093272508917313,1.5035897317657447,0.00012321924879444236,1.0,0.0493745951485519
0,low,Linear,16,26.830352681245163,0.0,26.830352681245163,0.0,1.6202276995607363,1.616086377077235,0.00016626647256673868,0.96,0.05901652727214955
0,low,Linear,17,26.830352681245163,22.5,24.78801369226173,10.26753145562479,1.6582506932526855,1.6564987639690651,0.00018615313071186922,0.92,0.06328528943681624
0,low,Linear,18,26.830352681245163,45.0,18.971924322535124,18.97192432253512,1.7141897897267726,1.7130162434988956,0.00017349149947068346,0.96,0.06176337317064196
0,low,Linear,19,26.830352681245163,67.5,10.26753145562479,24.78801369226173,1.7529188583111832,1.75098897396106,0.00014431555144836045,0.99,0.060541514384046466
0,low,Linear,20,26.830352681245163,90.0,1.6428852765540747e-15,26.830352681245163,1.7612328927903969,1.7579219849747614,0.00012769190435656458,0.97,0.05826029737942691
0,low,Linear,21,26.830352681245163,112.5,-10.267531455624788,24.78801369226173,1.7374838173633242,1.7324665639328147,0.00012768714569725688,0.97,0.05770030237613911
0,low,Linear,22,26.830352681245163,135.0,-18.97192432253512,18.971924322535124,1.6874914539203865,1.6809773914868245,0.00013974156911036382,0.99,0.05618427118125832
0,low,Linear,23,26.830352681245163,157.5,-24.78801369226173,10.267531455624791,1.6346925198211908,1.628227814243379,0.00015331673669232592,1.0,0.05485564734501972
0,low,Linear,24,32.352426879602135,0.0,32.352426879602135,0.0,1.7104393944862364,1.7061052913293222,0.00017285597726949333,0.96,0.06004225738167609
0,low,Linear,25,32.352426879602135,22.5,29.889745021132406,12.380737763626737,1.7483642473175016,1.7464588601054436,0.0001820076694455507,0.92,0.062392245622648
0,low,Linear,26,32.352426879602135,45.0,22.876620434408608,22.876620434408604,1.801918150063237,1.8006109839913982,0.00015218667340238202,0.96,0.05771124906708845
0,low,Linear,27,32.352426879602135,67.5,12.380737763626739,29.889745021132406,1.8371926831384502,1.835260442667304,0.00011598542819414947,0.99,0.05421863832554318
0,low,Linear,28,32.352426879602135,90.0,1.981014801137677e-15,32.352426879602135,1.8445490740524797,1.8414335247508433,0.00010152177786980087,0.97,0.05170154233640373
0,low,Linear,29,32.352426879602135,112.5,-12.380737763626735,29.889745021132406,1.82332743895856,1.8185963473674644,0.0001082922914279461,0.97,0.052768191603789184
0,low,Linear,30,32.352426879602135,135.0,-22.876620434408604,22.876620434408608,1.776714926345297,1.7703301725470881,0.0001310526077300784,0.99,0.05408277302683549
0,low,Linear,31,32.352426879602135,157.5,-29.889745021132406,12.38073776362674,1.7250005127698538,1.7183964427063398,0.0001566710607057187,1.0,0.055216235018248065
0,low,Linear,32,37.38680114692877,0.0,37.38680114692877,0.0,1.779006585409809,1.774709070834553,0.0001610760935006674,0.96,0.05782111028768668
0,low,Linear,33,37.38680114692877,22.5,34.540900365716986,14.307309388057776,1.8147541474652422,1.8128025090515125,0.0001588674898852863,0.92,0.058097611266804794
0,low,Linear,34,37.38680114692877,45.0,26.436460617866327,26.436460617866324,1.8630675289337089,1.861720122182899,0.00011829798768216533,0.96,0.05073956352474321
0,low,Linear,35,37.38680114692877,67.5,14.307309388057778,34.540900365716986,1.893228549032851,1.89142339301015,8.208600991953297e-05,0.99,0.045551039167475625
0,low,Linear,36,37.38680114692877,90.0,2.2892813177472453e-15,37.38680114692877,1.8993248410945878,1.8965770620378144,7.099471204450426e-05,0.97,0.04301062182522347
0,low,Linear,37,37.38680114692877,112.5,-14.307309388057774,34.540900365716986,1.8815498869139091,1.8773561846515896,8.111901955024496e-05,0.97,0.04533220703207829
0,low,Linear,38,37.38680114692877,135.0,-26.436460617866324,26.436460617866327,1.840675684146736,1.8347718829128163,0.00010932058255454416,0.99,0.04908106939778682
0,low,Linear,39,37.38680114692877,157.5,-34.540900365716986,14.30730938805778,1.792867352447306,1.7864824807530146,0.00014328846664993832,1.0,0.05256703226510109
0,low,Linear,40,42.678458852212536,0.0,42.678458852212536,0.0,1.8376219217929552,1.8335485591930976,0.00013606251175270946,0.96,0.05298586703364322
0,low,Linear,41,42.678458852212536,22.5,39.429754612684306,16.332339121616943,1.8695375948058865,1.8676326291764342,0.0001241069895712132,0.92,0.051133495285511116
0,low,Linear,42,42.678458852212536,45.0,30.178227664990523,30.17822766499052,1.9104588563499756,1.9091567271862617,8.042011593096302e-05,0.96,0.04167893895615137
0,low,Linear,43,42.678458852212536,67.5,16.332339121616947,39.429754612684306,1.9344018028184844,1.9328298161058697,4.984498643003804e-05,0.99,0.03542769440588354
0,low,Linear,44,42.678458852212536,90.0,2.6133019012952052e-15,42.678458852212536,1.9390608500580033,1.9368073973537951,4.2470087611971915e-05,0.97,0.033054788374832535
0,low,Linear,45,42.678458852212536,112.5,-16.33233912161694,39.429754612684306,1.9252992482973035,1.9218276563959207,5.267892917946448e-05,0.97,0.036209019665881144
0,low,Linear,46,42.678458852212536,135.0,-30.17822766499052,30.178227664990523,1.8918449140050242,1.8866975067893688,8.07914536767791e-05,0.99,0.04187498907487946
0,low,Linear,47,42.678458852212536,157.5,-39.429754612684306,16.332339121616947,1.8501433568683374,1.8442681703088157,0.00011830258000907207,1.0,0.047508778031499575
0,low,Linear,48,47.71923537736118,0.0,47.71923537736118,0.0,1.8817432049330154,1.8780192413438874,0.00010680441916350637,0.96,0.046793645180948175
0,low,Linear,49,47.71923537736118,22.5,44.086824872232505,18.261360784046197,1.9091435798749568,1.907363246285463,8.964577171549686e-05,0.92,0.043251069656751275
0,low,Linear,50,47.71923537736118,45.0,33.742594928369094,33.74259492836909,1.942350534611589,1.941163809858662,5.007498547434184e-05,0.96,0.03274255488229116
0,low,Linear,51,47.71923537736118,67.5,18.2613607840462,44.086824872232505,1.9604693261244115,1.9591732731127596,2.7496073569180447e-05,0.99,0.02625014925979174
0,low,Linear,52,47.71923537736118,90.0,2.9219604431322252e-15,47.71923537736118,1.9638528609656654,1.9620958715253227,2.3039345481067888e-05,0.97,0.024177856494349934
0,low,Linear,53,47.71923537736118,112.5,-18.261360784046193,44.086824872232505,1.9537172509322558,1.9509738889029649,3.118428857047291e-05,0.97,0.027599322846002083
0,low,Linear,54,47.71923537736118,135.0,-33.74259492836909,33.742594928369094,1.9275516708453666,1.9232465661270546,5.492497565198287e-05,0.99,0.034252325477466594
0,low,Linear,55,47.71923537736118,157.5,-44.086824872232505,18.2613607840462,1.8926287116386757,1.8874208220766517,9.057848660381814e-05,1.0,0.041336424742178336
0,low,Linear,56,52.907051514897304,0.0,52.907051514897304,0.0,1.9167193673228695,1.913446055346244,7.711589494458056e-05,0.96,0.03961308126396961
0,low,Linear,57,52.907051514897304,22.5,48.87974202013389,20.246652070037523,1.9391692805898593,1.937579806292697,5.891119072328241e-05,0.92,0.03486023317729905
0,low,Linear,58,52.907051514897304,45.0,37.41093489876989,37.41093489876988,1.964685559223386,1.963668724166296,2.7796537967688307e-05,0.96,0.024258293237767185
0,low,Linear,59,52.907051514897304,67.5,20.246652070037527,48.87974202013389,1.9775356506658963,1.9765356544365034,1.328970361151609e-05,0.99,0.018193242931023604
0,low,Linear,60,52.907051514897304,90.0,3.2396225645021553e-15,52.907051514897304,1.9798238755600313,1.9785416575304322,1.0915366761653445e-05,0.97,0.016509777004727756
0,low,Linear,61,52.907051514897304,112.5,-20.24665207003752,48.87974202013389,1.9728569328687409,1.9708165730494949,1.630824836573149e-05,0.97,0.019750501736973805
0,low,Linear,62,52.907051514897304,135.0,-37.41093489876988,37.41093489876989,1.9535822854291012,1.950161707343555,3.3632154492740655e-05,0.99,0.026565024374032548
0,low,Linear,63,52.907051514897304,157.5,-48.87974202013389,20.24665207003753,1.9257657263349375,1.921342183896567,6.353316068119094e-05,1.0,0.034401267384078865
0,low,Linear,64,58.608344115833866,0.0,58.608344115833866,0.0,1.9449646790242279,1.9422373067313616,4.957391056701339e-05,0.96,0.03161453424792214
0,low,Linear,65,58.608344115833866,22.5,54.14704956299722,22.428442291481616,1.9621749126961792,1.960839742582343,3.38219630091517e-05,0.92,0.026219453350710582
0,low,Linear,66,58.608344115833866,45.0,41.442357558420824,41.44235755842082,1.9802751829013752,1.9794723207336198,1.3017203121381686e-05,0.96,0.016476180400346683
0,low,Linear,67,58.608344115833866,67.5,22.42844229148162,54.14704956299722,1.9885409322251695,1.9878392900114983,5.259939981910399e-06,0.99,0.011397720998998358
0,low,Linear,68,58.608344115833866,90.0,3.588726051239128e-15,58.608344115833866,1.989929239965074,1.989081093513212,4.211366799719641e-06,0.97,0.010156490188653229
0,low,Linear,69,58.608344115833866,112.5,-22.428442291481613,54.14704956299722,1.9856167294268792,1.9842297614436577,7.084825657185795e-06,0.97,0.012857675853136916
0,low,Linear,70,58.608344115833866,135.0,-41.44235755842082,41.442357558420824,1.972629170914862,1.9701058045969757,1.768673598717515e-05,0.99,0.019063128458021814
0,low,Linear,71,58.608344115833866,157.5,-54.14704956299722,22.428442291481623,1.9520190699222078,1.9484786946845503,3.940293973886442e-05,1.0,0.026890371902602975
0,low,Linear,72,65.41974319729482,0.0,65.41974319729482,0.0,1.9677722702405231,1.9656934370229595,2.6226590024180998e-05,0.96,0.02285252237558926
0,low,Linear,73,65.41974319729482,22.5,60.43996176212517,25.035051871183516,1.9795562351997213,1.978541823968051,1.5436861960570597e-05,0.92,0.017530779487537517
0,low,Linear,74,65.41974319729482,45.0,46.258744038289684,46.25874403828968,1.9907456130835504,1.9901910744166877,4.545794118543125e-06,0.96,0.009629594755395885
0,low,Linear,75,65.41974319729482,67.5,25.03505187118352,60.43996176212517,1.9952308170934299,1.9948121327626085,1.469575763053681e-06,0.99,0.005987734863797973
0,low,Linear,76,65.41974319729482,90.0,4.005803955380447e-15,65.41974319729482,1.9959271918136412,1.9954541579236014,1.1351590830321486e-06,0.97,0.005207352729094903
0,low,Linear,77,65.41974319729482,112.5,-25.035051871183512,60.43996176212517,1.993704835101495,1.9928981710982354,2.23013873117434e-06,0.97,0.007101523621435961
0,low,Linear,78,65.41974319729482,135.0,-46.25874403828968,46.258744038289684,1.9862062054864678,1.9845670332122378,7.163869067683078e-06,0.99,0.011971821460849701
0,low,Linear,79,65.41974319729482,157.5,-60.43996176212517,25.035051871183523,1.9727113994705443,1.970147792851896,1.9855502330641363e-05,1.0,0.018908165926191448
0,low,Linear,80,73.30832234473793,0.0,73.30832234473793,0.0,1.983596612820501,1.9821817220582079,1.0901750315723413e-05,0.96,0.01461488047451341
0,low,Linear,81,73.30832234473793,22.5,67.7280585770432,28.053880415810717,1.9906129998783482,1.9899372094919872,5.3216652130244675e-06,0.92,0.010147959569278211
0,low,Linear,82,73.30832234473793,45.0,51.836811847373504,51.83681184737349,1.9964582691822617,1.9961361177043528,1.1131013506227873e-06,0.96,0.004690458572475362
0,low,Linear,83,73.30832234473793,67.5,28.05388041581072,67.7280585770432,1.9984360045619605,1.998232477014164,2.696507309675172e-07,0.99,0.0025432837203206993
0,low,Linear,84,73.30832234473793,90.0,4.488840115517285e-15,73.30832234473793,1.998712899854111,1.9984995778108388,1.9820676624677375e-07,0.97,0.0021426892530042106
0,low,Linear,85,73.30832234473793,112.5,-28.053880415810713,67.7280585770432,1.9977971950197047,1.9974103180962721,4.7423598251666424e-07,0.97,0.0032135701590019217
0,low,Linear,86,73.30832234473793,135.0,-51.83681184737349,51.836811847373504,1.9942116841723447,1.993302168563534,2.106047634194056e-06,0.99,0.006387503812315447
0,low,Linear,87,73.30832234473793,157.5,-67.7280585770432,28.053880415810728,1.9866217261930574,1.9849838555492951,7.736532999175266e-06,1.0,0.01166727680232723
0,low,Linear,88,86.7842498671274,0.0,86.7842498671274,0.0,1.9955022200091936,1.9948826730785476,1.7501211995858007e-06,0.96,0.00576389991784052
0,low,Linear,89,86.7842498671274,22.5,80.17819219658436,33.2108946143819,1.9978959510988448,1.9976224936592744,5.981825829690779e-07,0.92,0.0033028423945792016
0,low,Linear,90,86.7842498671274,45.0,61.365731581233526,61.36573158123352,1.9994444344157134,1.999347162769118,6.463373945228167e-08,0.96,0.0010918728899729424
0,low,Linear,91,86.7842498671274,67.5,33.21089461438191,80.17819219658436,1.9998188101342784,1.9997746623666988,8.864741207633071e-09,0.99,0.000453565050192668
0,low,Linear,92,86.7842498671274,90.0,5.3140026908090844e-15,86.7842498671274,1.9998613392718059,1.9998204288230343,5.855824212263813e-09,0.97,0.0003587456045010118
0,low,Linear,93,86.7842498671274,112.5,-33.21089461438189,80.17819219658436,1.9997101445789334,1.99962502169289,2.0450425302420174e-08,0.97,0.0006463589530678337
0,low,Linear,94,86.7842498671274,135.0,-61.36573158123352,61.365731581233526,1.9989123373142559,1.9986440575195124,1.7056437662611273e-07,0.99,0.001768171586689553
0,low,Linear,95,86.7842498671274,157.5,-80.17819219658436,33.21089461438191,1.9965910931447943,1.995952720095702,1.0878050564211822e-06,1.0,0.0042878803702404555
0,low,"Positive(s,w_a)",0,12.558511058242537,0.0,12.558511058242537,0.0,1.3190112339864741,1.3182588105277557,5.1228630032171485e-05,0.98,0.0346030664872654
0,low,"Positive(s,w_a)",1,12.558511058242537,22.5,11.60255132552694,4.80593411716319,1.3436816486558703,1.3449009004256924,6.86072108014647e-05,0.97,0.0423577596825949
0,low,"Positive(s,w_a)",2,12.558511058242537,45.0,8.880208330889543,8.880208330889543,1.3826427943818416,1.3846650535678182,8.40123555981106e-05,0.98,0.04790436305415078
0,low,"Positive(s,w_a)",3,12.558511058242537,67.5,4.805934117163191,11.60255132552694,1.4120280849015423,1.413606941853749,8.382327662567107e-05,1.0,0.04953486500283416
0,low,"Positive(s,w_a)",4,12.558511058242537,90.0,7.689870184766681e-16,12.558511058242537,1.4186557965694482,1.4189935556790905,7.383171395067566e-05,0.99,0.04727472720074902
0,low,"Positive(s,w_a)",5,12.558511058242537,112.5,-4.805934117163189,11.60255132552694,1.4000390307305155,1.3988224102071865,6.283888701812544e-05,0.99,0.04411605415953459
0,low,"Positive(s,w_a)",6,12.558511058242537,135.0,-8.880208330889543,8.880208330889543,1.363600457742448,1.361148586267965,5.626701773282792e-05,1.0,0.039766102893003176
0,low,"Positive(s,w_a)",7,12.558511058242537,157.5,-11.60255132552694,4.805934117163192,1.3282473495624023,1.3258087351747472,5.153977431395091e-05,0.99,0.03481637823829739
0,low,"Positive(s,w_a)",8,20.427007245311284,0.0,20.427007245311284,0.0,1.4963109626987978,1.4951615347955332,0.00010310189652792548,0.98,0.04908170190823467
0,low,"Positive(s,w_a)",9,20.427007245311284,22.5,18.872093904402856,7.817077245582279,1.5308216192513346,1.532376645598945,0.00013079471446157461,0.97,0.058564804062202214
0,low,"Positive(s,w_a)",10,20.427007245311284,45.0,14.444075342506348,14.444075342506345,1.583565069906132,1.5860619599519796,0.0001461185820894661,0.98,0.06347977562139104
0,low,"Positive(s,w_a)",11,20.427007245311284,67.5,7.817077245582281,18.872093904402856,1.6218046128784644,1.6236219563276322,0.0001359158540917347,1.0,0.06342754084371052
0,low,"Positive(s,w_a)",12,20.427007245311284,90.0,1.2507934519565128e-15,20.427007245311284,1.6302353330586081,1.6304782481155353,0.0001190486503074213,0.99,0.060119361420010946
0,low,"Positive(s,w_a)",13,20.427007245311284,112.5,-7.817077245582278,18.872093904402856,1.606370266819975,1.6046392142629147,0.00010704727045639631,0.99,0.057468747399798834
0,low,"Positive(s,w_a)",14,20.427007245311284,135.0,-14.444075342506345,14.444075342506348,1.5580662185387517,1.5546313394728377,0.00010420248592888334,1.0,0.05395392874099478
0,low,"Positive(s,w_a)",15,20.427007245311284,157.5,-18.872093904402856,7.817077245582282,1.5093272508917313,1.5058195251509687,0.00010249416475125266,0.99,0.048978542554238606
0,low,"Positive(s,w_a)",16,26.830352681245163,0.0,26.830352681245163,0.0,1.6202276995607363,1.6188336221457686,0.00012936429682583898,0.98,0.05496377254010354
0,low,"Positive(s,w_a)",17,26.830352681245163,22.5,24.78801369226173,10.26753145562479,1.6582506932526855,1.6597752244953534,0.00015412377109825097,0.97,0.06366572735781528
0,low,"Positive(s,w_a)",18,26.830352681245163,45.0,18.971924322535124,18.97192432253512,1.7141897897267726,1.7165522262440753,0.0001547673665283458,0.98,0.0656878003674003
0,low,"Positive(s,w_a)",19,26.830352681245163,67.5,10.26753145562479,24.78801369226173,1.7529188583111832,1.7544891036216157,0.00013270754344646275,1.0,0.06306928736934111
0,low,"Positive(s,w_a)",20,26.830352681245163,90.0,1.6428852765540747e-15,26.830352681245163,1.7612328927903969,1.7612586098497938,0.00011549482606036137,0.99,0.059300143368689044
0,low,"Positive(s,w_a)",21,26.830352681245163,112.5,-10.267531455624788,24.78801369226173,1.7374838173633242,1.7355562072081607,0.00011066991655727057,0.99,0.05829114572426255
0,low,"Positive(s,w_a)",22,26.830352681245163,135.0,-18.97192432253512,18.971924322535124,1.6874914539203865,1.6837055283631819,0.0001186827573171692,1.0,0.0573771399958034
0,low,"Positive(s,w_a)",23,26.830352681245163,157.5,-24.78801369226173,10.267531455624791,1.6346925198211908,1.6307028700188457,0.00012681008778094998,0.99,0.05432425678269959
0,low,"Positive(s,w_a)",24,32.352426879602135,0.0,32.352426879602135,0.0,1.7104393944862364,1.708907438441023,0.00013342738805789385,0.98,0.05579893619282195
0,low,"Positive(s,w_a)",25,32.352426879602135,22.5,29.889745021132406,12.380737763626737,1.7483642473175016,1.7496869460485331,0.00014861374088577896,0.97,0.0626040823297129
0,low,"Positive(s,w_a)",26,32.352426879602135,45.0,22.876620434408608,22.876620434408604,1.801918150063237,1.8038977477201685,0.00013306637390349174,0.98,0.06125607123357215
0,low,"Positive(s,w_a)",27,32.352426879602135,67.5,12.380737763626739,29.889745021132406,1.8371926831384502,1.8383672971143263,0.00010454610830371891,1.0,0.05634495330371255
0,low,"Positive(s,w_a)",28,32.352426879602135,90.0,1.981014801137677e-15,32.352426879602135,1.8445490740524797,1.8443682464419988,9.036472436503053e-05,0.99,0.052515556346766044
0,low,"Positive(s,w_a)",29,32.352426879602135,112.5,-12.380737763626735,29.889745021132406,1.82332743895856,1.8214003889918757,9.268855008092289e-05,0.99,0.05319480986698327
0,low,"Positive(s,w_a)",30,32.352426879602135,135.0,-22.876620434408604,22.876620434408608,1.776714926345297,1.7729427934861246,0.00011028444282504285,1.0,0.05509575962462547
0,low,"Positive(s,w_a)",31,32.352426879602135,157.5,-29.889745021132406,12.38073776362674,1.7250005127698538,1.720885301826886,0.000128813417139677,0.99,0.05458212863449687
0,low,"Positive(s,w_a)",32,37.38680114692877,0.0,37.38680114692877,0.0,1.779006585409809,1.777414901705279,0.00012328761518496162,0.98,0.05360926154003485
0,low,"Positive(s,w_a)",33,37.38680114692877,22.5,34.540900365716986,14.307309388057776,1.8147541474652422,1.8158062692031423,0.00012781004993442068,0.97,0.05813149016497929
0,low,"Positive(s,w_a)",34,37.38680114692877,45.0,26.436460617866327,26.436460617866324,1.8630675289337089,1.864593365836822,0.00010123433482542329,0.98,0.05374399702101261
0,low,"Positive(s,w_a)",35,37.38680114692877,67.5,14.307309388057778,34.540900365716986,1.893228549032851,1.8940079723912553,7.244440089701666e-05,1.0,0.04721736247070822
0,low,"Positive(s,w_a)",36,37.38680114692877,90.0,2.2892813177472453e-15,37.38680114692877,1.8993248410945878,1.8989943001698961,6.216167128025507e-05,0.99,0.04359309597723142
0,low,"Positive(s,w_a)",37,37.38680114692877,112.5,-14.307309388057774,34.540900365716986,1.8815498869139091,1.8797449010829645,6.85465663282736e-05,0.99,0.04559593910613595
0,low,"Positive(s,w_a)",38,37.38680114692877,135.0,-26.436460617866324,26.436460617866327,1.840675684146736,1.8371297817900762,9.112202705303742e-05,1.0,0.0498703375062667
0,low,"Positive(s,w_a)",39,37.38680114692877,157.5,-34.540900365716986,14.30730938805778,1.792867352447306,1.7888494018925283,0.00011707610819963404,0.99,0.05186197343910224
0,low,"Positive(s,w_a)",40,42.678458852212536,0.0,42.678458852212536,0.0,1.8376219217929552,1.8360361660961972,0.00010309638244123358,0.98,0.048985917745221624
0,low,"Positive(s,w_a)",41,42.678458852212536,22.5,39.429754612684306,16.332339121616943,1.8695375948058865,1.8702740909757636,9.808913411863813e-05,0.97,0.05098965184730524
0,low,"Positive(s,w_a)",42,42.678458852212536,45.0,30.178227664990523,30.17822766499052,1.9104588563499756,1.9115003546156601,6.706518595941717e-05,0.98,0.0440392395038689
0,low,"Positive(s,w_a)",43,42.678458852212536,67.5,16.332339121616947,39.429754612684306,1.9344018028184844,1.9348153556508956,4.29098341467953e-05,1.0,0.036615320170615
0,low,"Positive(s,w_a)",44,42.678458852212536,90.0,2.6133019012952052e-15,42.678458852212536,1.9390608500580033,1.9386419830501416,3.649659508883415e-05,0.99,0.03341734360558481
0,low,"Positive(s,w_a)",45,42.678458852212536,112.5,-16.33233912161694,39.429754612684306,1.9252992482973035,1.9237158117287125,4.387221274870759e-05,0.99,0.03632304541887303
0,low,"Positive(s,w_a)",46,42.678458852212536,135.0,-30.17822766499052,30.178227664990523,1.8918449140050242,1.8886957716360087,6.66000041677404e-05,1.0,0.04241660619853434
0,low,"Positive(s,w_a)",47,42.678458852212536,157.5,-39.429754612684306,16.332339121616947,1.8501433568683374,1.8464045754246046,9.595508831715479e-05,0.99,0.04676111202899005
0,low,"Positive(s,w_a)",48,47.71923537736118,0.0,47.71923537736118,0.0,1.8817432049330154,1.880223700936165,8.00646651038631e-05,0.98,0.04312624562246285
0,low,"Positive(s,w_a)",49,47.71923537736118,22.5,44.086824872232505,18.261360784046197,1.9091435798749568,1.9095955047025859,6.952838880636033e-05,0.97,0.042971228473811796
0,low,"Positive(s,w_a)",50,47.71923537736118,45.0,33.742594928369094,33.74259492836909,1.942350534611589,1.9429907694646555,4.062554232326729e-05,0.98,0.03450918247400993
0,low,"Positive(s,w_a)",51,47.71923537736118,67.5,18.2613607840462,44.086824872232505,1.9604693261244115,1.9606242810093821,2.3066388569692944e-05,1.0,0.027047700980067226
0,low,"Positive(s,w_a)",52,47.71923537736118,90.0,2.9219604431322252e-15,47.71923537736118,1.9638528609656654,1.9634189478282251,1.9432860186056444e-05,0.99,0.02437863884349488
0,low,"Positive(s,w_a)",53,47.71923537736118,112.5,-18.261360784046193,44.086824872232505,1.9537172509322558,1.952396484729848,2.5597354933972376e-05,0.99,0.02760929588582086
0,low,"Positive(s,w_a)",54,47.71923537736118,135.0,-33.74259492836909,33.742594928369094,1.9275516708453666,1.9248692885758416,4.4764032355242746e-05,1.0,0.03458146856273075
0,low,"Positive(s,w_a)",55,47.71923537736118,157.5,-44.086824872232505,18.2613607840462,1.8926287116386757,1.8892770772739471,7.290984696142911e-05,0.99,0.04058263291539796
0,low,"Positive(s,w_a)",56,52.907051514897304,0.0,52.907051514897304,0.0,1.9167193673228695,1.915319494904734,5.7114425671316774e-05,0.98,0.036375876003412994
0,low,"Positive(s,w_a)",57,52.907051514897304,22.5,48.87974202013389,20.246652070037523,1.9391692805898593,1.939377175479991,4.472869923094383e-05,0.97,0.034488389472281354
0,low,"Positive(s,w_a)",58,52.907051514897304,45.0,37.41093489876989,37.41093489876988,1.964685559223386,1.965010073328437,2.186144677710826e-05,0.98,0.025495863256238507
0,low,"Positive(s,w_a)",59,52.907051514897304,67.5,20.246652070037527,48.87974202013389,1.9775356506658963,1.9775248150537117,1.0838029895751192e-05,1.0,0.01868407226244985
0,low,"Positive(s,w_a)",60,52.907051514897304,90.0,3.2396225645021553e-15,52.907051514897304,1.9798238755600313,1.9794298389024432,9.02984278243458e-06,0.99,0.016598782568995364
0,low,"Positive(s,w_a)",61,52.907051514897304,112.5,-20.24665207003752,48.87974202013389,1.9728569328687409,1.9718206852831752,1.3184965867559582e-05,0.99,0.019696654398674504
0,low,"Positive(s,w_a)",62,52.907051514897304,135.0,-37.41093489876988,37.41093489876989,1.9535822854291012,1.9514098020796187,2.707200129606514e-05,1.0,0.026721059459770595
0,low,"Positive(s,w_a)",63,52.907051514897304,157.5,-48.87974202013389,20.24665207003753,1.9257657263349375,1.9228845357716242,5.071113262601896e-05,0.99,0.033675565710191376
0,low,"Positive(s,w_a)",64,58.608344115833866,0.0,58.608344115833866,0.0,1.9449646790242279,1.9437394297421224,3.6189500523482356e-05,0.98,0.02890014434699711
0,low,"Positive(s,w_a)",65,58.608344115833866,22.5,54.14704956299722,22.428442291481616,1.9621749126961792,1.9621899726173628,2.503591449003808e-05,0.97,0.02580544744974941
0,low,"Positive(s,w_a)",66,58.608344115833866,45.0,41.442357558420824,41.44235755842082,1.9802751829013752,1.9803730922479688,9.866675134109656e-06,0.98,0.017260666505262666
0,low,"Positive(s,w_a)",67,58.608344115833866,67.5,22.42844229148162,54.14704956299722,1.9885409322251695,1.9884459785282314,4.153845962940399e-06,1.0,0.011661160697738092
0,low,"Positive(s,w_a)",68,58.608344115833866,90.0,3.588726051239128e-15,58.608344115833866,1.989929239965074,1.9896155558354287,3.4126771751993114e-06,0.99,0.010177322996193056
0,low,"Positive(s,w_a)",69,58.608344115833866,112.5,-22.428442291481613,54.14704956299722,1.9856167294268792,1.984872116927018,5.634530899449447e-06,0.99,0.012776253928761378
0,low,"Positive(s,w_a)",70,58.608344115833866,135.0,-41.44235755842082,41.442357558420824,1.972629170914862,1.9709923576537316,1.40353235177235e-05,1.0,0.019090298878514995
0,low,"Positive(s,w_a)",71,58.608344115833866,157.5,-54.14704956299722,22.428442291481623,1.9520190699222078,1.9496819413560738,3.114335319819736e-05,0.99,0.026229514088017093
0,low,"Positive(s,w_a)",72,65.41974319729482,0.0,65.41974319729482,0.0,1.9677722702405231,1.9667858221177221,1.8790937336234215e-05,0.98,0.020762397435770134
0,low,"Positive(s,w_a)",73,65.41974319729482,22.5,60.43996176212517,25.035051871183516,1.9795562351997213,1.9794432290300643,1.1059302026096936e-05,0.97,0.01713416970951908
0,low,"Positive(s,w_a)",74,65.41974319729482,45.0,46.258744038289684,46.25874403828968,1.9907456130835504,1.9907093938208171,3.287127097095157e-06,0.98,0.010047296285448187
0,low,"Positive(s,w_a)",75,65.41974319729482,67.5,25.03505187118352,60.43996176212517,1.9952308170934299,1.9951214105414081,1.1169005025609746e-06,1.0,0.0060982568447746945
0,low,"Positive(s,w_a)",76,65.41974319729482,90.0,4.005803955380447e-15,65.41974319729482,1.9959271918136412,1.9957196383292142,8.996415682396358e-07,0.99,0.005196857541696906
0,low,"Positive(s,w_a)",77,65.41974319729482,112.5,-25.035051871183512,60.43996176212517,1.993704835101495,1.9932443724313824,1.741060798021455e-06,0.99,0.007024409354621433
0,low,"Positive(s,w_a)",78,65.41974319729482,135.0,-46.25874403828968,46.258744038289684,1.9862062054864678,1.9851162592312683,5.5858908909686355e-06,1.0,0.011920068718858146
0,low,"Positive(s,w_a)",79,65.41974319729482,157.5,-60.43996176212517,25.035051871183523,1.9727113994705443,1.970991652466197,1.5500767133911517e-05,0.99,0.018356043316679165
0,low,"Positive(s,w_a)",80,73.30832234473793,0.0,73.30832234473793,0.0,1.983596612820501,1.9828856717360597,7.630369362828207e-06,0.98,0.013169618316439653
0,low,"Positive(s,w_a)",81,73.30832234473793,22.5,67.7280585770432,28.053880415810717,1.9906129998783482,1.9904580429859502,3.661690762538663e-06,0.97,0.00982798961673971
0,low,"Positive(s,w_a)",82,73.30832234473793,45.0,51.836811847373504,51.83681184737349,1.9964582691822617,1.996383311514805,7.604321541340581e-07,0.98,0.0048702933995856765
0,low,"Positive(s,w_a)",83,73.30832234473793,67.5,28.05388041581072,67.7280585770432,1.9984360045619605,1.9983583852146765,1.9664436127203822e-07,1.0,0.002576982223555955
0,low,"Positive(s,w_a)",84,73.30832234473793,90.0,4.488840115517285e-15,73.30832234473793,1.998712899854111,1.9986039717096578,1.539873093873026e-07,0.99,0.0021285134209394307
0,low,"Positive(s,w_a)",85,73.30832234473793,112.5,-28.053880415810713,67.7280585770432,1.9977971950197047,1.9975617433959045,3.6338865180549657e-07,0.99,0.003161301506003924
0,low,"Positive(s,w_a)",86,73.30832234473793,135.0,-51.83681184737349,51.836811847373504,1.9942116841723447,1.9935900342029265,1.6085654197218582e-06,1.0,0.006313963942524992
0,low,"Positive(s,w_a)",87,73.30832234473793,157.5,-67.7280585770432,28.053880415810728,1.9866217261930574,1.9855027855217864,5.9504028508292535e-06,0.99,0.01125666005634906
0,low,"Positive(s,w_a)",88,86.7842498671274,0.0,86.7842498671274,0.0,1.9955022200091936,1.9951643193996795,1.172938766135023e-06,0.98,0.005106420227420263
0,low,"Positive(s,w_a)",89,86.7842498671274,22.5,80.17819219658436,33.2108946143819,1.9978959510988448,1.9977915039323142,3.827805946585732e-07,0.97,0.0031399349072072824
0,low,"Positive(s,w_a)",90,86.7842498671274,45.0,61.365731581233526,61.36573158123352,1.9994444344157134,1.9994021719903277,4.013218613066599e-08,0.98,0.0011243244687221799
0,low,"Positive(s,w_a)",91,86.7842498671274,67.5,33.21089461438191,80.17819219658436,1.9998188101342784,1.9997950401019304,6.138790806358857e-09,1.0,0.00045616163296559266
0,low,"Positive(s,w_a)",92,86.7842498671274,90.0,5.3140026908090844e-15,86.7842498671274,1.9998613392718059,1.9998361467222432,4.500446283965574e-09,0.99,0.0003539796799409811
0,low,"Positive(s,w_a)",93,86.7842498671274,112.5,-33.21089461438189,80.17819219658436,1.9997101445789334,1.999653265587732,1.5346157895975074e-08,0.99,0.0006299576983479671
0,low,"Positive(s,w_a)",94,86.7842498671274,135.0,-61.36573158123352,61.365731581233526,1.9989123373142559,1.9987209588783228,1.2578996100464244e-07,1.0,0.001724065900823797
0,low,"Positive(s,w_a)",95,86.7842498671274,157.5,-80.17819219658436,33.21089461438191,1.9965910931447943,1.996142149832788,8.150006941970124e-07,0.99,0.004086158862802276
1,center,Linear,0,12.558511058242537,0.0,12.558511058242537,0.0,1.2806791621754507,1.2800215933723853,7.198731497574622e-05,0.92,0.030319068070369718
1,center,Linear,1,12.558511058242537,22.5,11.60255132552694,4.80593411716319,1.2592136509544922,1.2586905735923144,8.495204237946858e-05,0.89,0.030027379936315803
1,center,Linear,2,12.558511058242537,45.0,8.880208330889543,8.880208330889543,1.2831161760622718,1.282901078950837,0.00011186730260545688,0.94,0.03457476747814109
1,center,Linear,3,12.558511058242537,67.5,4.805934117163191,11.60255132552694,1.3306856505748457,1.3306288424590194,0.00015063529436257146,0.94,0.03866841542538686
1,center,Linear,4,12.558511058242537,90.0,7.689870184766681e-16,12.558511058242537,1.3702039260744487,1.3701267869957994,0.00016558957939554242,0.94,0.04165831524146957
1,center,Linear,5,12.558511058242537,112.5,-4.805934117163189,11.60255132552694,1.3843612459400947,1.3841710981481286,0.00014407184239699337,0.94,0.04259127023268436
1,center,Linear,6,12.558511058242537,135.0,-8.880208330889543,8.880208330889543,1.3684640891756261,1.3681152538925891,0.00010167041137922278,0.96,0.040729503533944264
1,center,Linear,7,12.558511058242537,157.5,-11.60255132552694,4.805934117163192,1.327831977321855,1.327300086448632,7.010224383415407e-05,0.98,0.035890122373360055
1,center,Linear,8,20.427007245311284,0.0,20.427007245311284,0.0,1.4411339743279898,1.440095981769929,0.00015395880979095146,0.92,0.044353897731543294
1,center,Linear,9,20.427007245311284,22.5,18.872093904402856,7.817077245582279,1.4094792507045606,1.4086246049536946,0.00018745578669407748,0.89,0.04464924495418878
1,center,Linear,10,20.427007245311284,45.0,14.444075342506348,14.444075342506345,1.4446948365347927,1.4442694037986115,0.00023706484289493044,0.94,0.05046497669243765
1,center,Linear,11,20.427007245311284,67.5,7.817077245582281,18.872093904402856,1.5127445341722985,1.5124946440655276,0.00028982245903206016,0.94,0.05409200049793104
1,center,Linear,12,20.427007245311284,90.0,1.2507934519565128e-15,20.427007245311284,1.566970575300187,1.566654963942547,0.0002927670612514982,0.94,0.055914264713743285
1,center,Linear,13,20.427007245311284,112.5,-7.817077245582278,18.872093904402856,1.585838979558967,1.5853821959404257,0.00024841402466306545,0.94,0.05625416473738634
1,center,Linear,14,20.427007245311284,135.0,-14.444075342506345,14.444075342506348,1.564630819407502,1.5640036943541042,0.00018325207209449342,0.96,0.054799433491184255
1,center,Linear,15,20.427007245311284,157.5,-18.872093904402856,7.817077245582282,1.5087443093412778,1.5078939506435223,0.00013780498310559305,0.98,0.05037258691453352
1,center,Linear,16,26.830352681245163,0.0,26.830352681245163,0.0,1.557370731930003,1.556063093484785,0.00020735083467704363,0.92,0.05148893633243711
1,center,Linear,17,26.830352681245163,22.5,24.78801369226173,10.26753145562479,1.5202821159328084,1.5191652245109923,0.0002618285128291541,0.89,0.05282586363944806
1,center,Linear,18,26.830352681245163,45.0,18.971924322535124,18.97192432253512,1.561498180590654,1.560855632047747,0.0003159604639083398,0.94,0.05843147376600987
1,center,Linear,19,26.830352681245163,67.5,10.26753145562479,24.78801369226173,1.6384656405240627,1.6379732228828376,0.0003456237557507158,0.94,0.05961337823138299
1,center,Linear,20,26.830352681245163,90.0,1.6428852765540747e-15,26.830352681245163,1.6968904228976838,1.6963017682255854,0.0003166547053126075,0.94,0.05873173123896204
1,center,Linear,21,26.830352681245163,112.5,-10.267531455624788,24.78801369226173,1.7165377709066478,1.7158213466180843,0.0002607447516189953,0.94,0.05799217300327419
1,center,Linear,22,26.830352681245163,135.0,-18.97192432253512,18.971924322535124,1.6944284476931486,1.693574886539572,0.0002023359798946203,0.96,0.05771548094318685
1,center,Linear,23,26.830352681245163,157.5,-24.78801369226173,10.267531455624791,1.6340478506687055,1.6329736195449265,0.00016826000700667635,0.98,0.055722795442369424
1,center,Linear,24,32.352426879602135,0.0,32.352426879602135,0.0,1.6454381925200663,1.6439414332423927,0.00023084759261597193,0.92,0.05434073342809957
1,center,Linear,25,32.352426879602135,22.5,29.889745021132406,12.380737763626737,1.6059063688916484,1.6045805727512097,0.00030318273727422923,0.89,0.05690656393809238
1,center,Linear,26,32.352426879602135,45.0,22.876620434408608,22.876620434408604,1.649786537349835,1.6489405210074648,0.0003479240224615064,0.94,0.06149938040695528
1,center,Linear,27,32.352426879602135,67.5,12.380737763626739,29.889745021132406,1.7287723060858946,1.7280493252323095,0.00033808137550911957,0.94,0.05949603072438184
1,center,Linear,28,32.352426879602135,90.0,1.981014801137677e-15,32.352426879602135,1.7856649615025757,1.7848468696991724,0.0002790388699359158,0.94,0.05566414103828096
1,center,Linear,29,32.352426879602135,112.5,-12.380737763626735,29.889745021132406,1.804101461697233,1.8031917442824394,0.00022226450073404604,0.94,0.053864152204578096
1,center,Linear,30,32.352426879602135,135.0,-22.876620434408604,22.876620434408608,1.7833285368503193,1.7823200797290475,0.0001819397555080225,0.96,0.054852078301809264
1,center,Linear,31,32.352426879602135,157.5,-29.889745021132406,12.38073776362674,1.7243549606481567,1.7231346368914005,0.00016855252720768187,0.98,0.055830596001696174
1,center,Linear,32,37.38680114692877,0.0,37.38680114692877,0.0,1.715307630858213,1.7136832460940585,0.0002315400244977908,0.92,0.05443011940630258
1,center,Linear,33,37.38680114692877,22.5,34.540900365716986,14.307309388057776,1.6752928598104513,1.6738009247564756,0.0003171942957712811,0.89,0.05826862488711237
1,center,Linear,34,37.38680114692877,45.0,26.436460617866327,26.436460617866324,1.7196541413798216,1.7186279280393983,0.0003449935748858875,0.94,0.06142430458433741
1,center,Linear,35,37.38680114692877,67.5,14.307309388057778,34.540900365716986,1.7964308461898613,1.7955166143852517,0.00029572456165446494,0.94,0.056137789304229545
1,center,Linear,36,37.38680114692877,90.0,2.2892813177472453e-15,37.38680114692877,1.8487014287619734,1.8477246789094477,0.00021843862984862565,0.94,0.04969732567320806
1,center,Linear,37,37.38680114692877,112.5,-14.307309388057774,34.540900365716986,1.8649759876303564,1.8639541090814273,0.00016775186523900685,0.94,0.047059901044876506
1,center,Linear,38,37.38680114692877,135.0,-26.436460617866324,26.436460617866327,1.8466139450068826,1.8455224406366384,0.00014522706249987281,0.96,0.04911009151969536
1,center,Linear,39,37.38680114692877,157.5,-34.540900365716986,14.30730938805778,1.7922563234231177,1.7909542716283025,0.00015097643917702275,0.98,0.0528920460568056
1,center,Linear,40,42.678458852212536,0.0,42.678458852212536,0.0,1.7780126044667983,1.7763072857400692,0.00021374789940708134,0.92,0.052298761741842156
1,center,Linear,41,42.678458852212536,22.5,39.429754612684306,16.332339121616943,1.7390811487504625,1.737449752328116,0.0003080970278962698,0.89,0.05749257627620558
1,center,Linear,42,42.678458852212536,45.0,30.178227664990523,30.17822766499052,1.782177588720398,1.780986689386145,0.00031425600274937425,0.94,0.05882119139163696
1,center,Linear,43,42.678458852212536,67.5,16.332339121616947,39.429754612684306,1.853333406118542,1.852268607352011,0.0002320992325855043,0.94,0.05020687626365558
1,center,Linear,44,42.678458852212536,90.0,2.6133019012952052e-15,42.678458852212536,1.8985910819541305,1.8975286548496846,0.00015017764061347078,0.94,0.04159113297226824
1,center,Linear,45,42.678458852212536,112.5,-16.33233912161694,39.429754612684306,1.9120143320415028,1.9109604288862212,0.00011024156234361055,0.94,0.038370205641119925
1,center,Linear,46,42.678458852212536,135.0,-30.17822766499052,30.178227664990523,1.8968441630947914,1.8957381500590265,0.00010192738749272991,0.96,0.04123102628648448
1,center,Linear,47,42.678458852212536,157.5,-39.429754612684306,16.332339121616947,1.8495951416836047,1.8482678114852304,0.00012164723501099711,0.98,0.04752454750299666
1,center,Linear,48,47.71923537736118,0.0,47.71923537736118,0.0,1.827905391858915,1.826177060650763,0.00018460615839384736,0.92,0.048596423587804465
1,center,Linear,49,47.71923537736118,22.5,44.086824872232505,18.261360784046197,1.7912479958733445,1.7895252753246527,0.0002810354358937929,0.89,0.05496773598133706
1,center,Linear,50,47.71923537736118,45.0,33.742594928369094,33.74259492836909,1.831763192459217,1.8304546482712538,0.0002676843715130265,0.94,0.054466516189109276
1,center,Linear,51,47.71923537736118,67.5,18.2613607840462,44.086824872232505,1.8953749675451217,1.8942333177643522,0.00016889607495234671,0.94,0.04320930719914644
1,center,Linear,52,47.71923537736118,90.0,2.9219604431322252e-15,47.71923537736118,1.9329790585109274,1.931920030503961,9.493858744494048e-05,0.94,0.033339212958290176
1,center,Linear,53,47.71923537736118,112.5,-18.261360784046193,44.086824872232505,1.9435611019884274,1.9425573667253868,6.631847223026205e-05,0.94,0.029909089352444417
1,center,Linear,54,47.71923537736118,135.0,-33.74259492836909,33.742594928369094,1.9315803289010418,1.9305285417663958,6.567526656426293e-05,0.96,0.03315659691178012
1,center,Linear,55,47.71923537736118,157.5,-44.086824872232505,18.2613607840462,1.8921556311593437,1.8908624556769873,9.08123111789549e-05,0.98,0.04109563323912341
1,center,Linear,56,52.907051514897304,0.0,52.907051514897304,0.0,1.8699629084903813,1.8682653785508005,0.00014871541899134946,0.92,0.04360122241052858
1,center,Linear,57,52.907051514897304,22.5,48.87974202013389,20.246652070037523,1.8365797787991789,1.8348109012002225,0.00024100440646922727,0.89,0.0509534061347665
1,center,Linear,58,52.907051514897304,45.0,37.41093489876989,37.41093489876988,1.873410344800869,1.8720319327615649,0.00021239537064354492,0.94,0.04867997664882285
1,center,Linear,59,52.907051514897304,67.5,20.246652070037527,48.87974202013389,1.9280224929886371,1.9268753641848457,0.00011224656980428844,0.94,0.035527754929352166
1,center,Linear,60,52.907051514897304,90.0,3.2396225645021553e-15,52.907051514897304,1.957709436595343,1.9567300429034085,5.380986829180442e-05,0.94,0.02528070172044659
1,center,Linear,61,52.907051514897304,112.5,-20.24665207003752,48.87974202013389,1.9655717673118909,1.9646840962965455,3.5470810744017105e-05,0.94,0.02196690812239718
1,center,Linear,62,52.907051514897304,135.0,-37.41093489876988,37.41093489876989,1.9566516159090774,1.955711612480536,3.7908710894725306e-05,0.96,0.025227831543879045
1,center,Linear,63,52.907051514897304,157.5,-48.87974202013389,20.24665207003753,1.9253758994396206,1.924170639450331,6.194985876046779e-05,0.98,0.03396395331397221
1,center,Linear,64,58.608344115833866,0.0,58.608344115833866,0.0,1.9064771334925177,1.904871288621247,0.00010924844294723347,0.92,0.03734248648680235
1,center,Linear,65,58.608344115833866,22.5,54.14704956299722,22.428442291481616,1.877373349808649,1.87561192016619,0.0001910351235447082,0.89,0.04540612019632899
1,center,Linear,66,58.608344115833866,45.0,41.442357558420824,41.44235755842082,1.9094139028798842,1.9080241583642938,0.0001533151790034297,0.94,0.041505685859495836
1,center,Linear,67,58.608344115833866,67.5,22.42844229148162,54.14704956299722,1.953754934330514,1.9526794561849343,6.556765700277005e-05,0.94,0.027381003416324993
1,center,Linear,68,58.608344115833866,90.0,3.588726051239128e-15,58.608344115833866,1.9755176056261008,1.974687134887957,2.5960878663062284e-05,0.94,0.017665611603404373
1,center,Linear,69,58.608344115833866,112.5,-22.428442291481613,54.14704956299722,1.980867326782987,1.9801504284426668,1.5925437627589102e-05,0.94,0.014766853440564052
1,center,Linear,70,58.608344115833866,135.0,-41.44235755842082,41.442357558420824,1.9747822213150337,1.9740055715395055,1.8615427144083583e-05,0.96,0.017695384802881246
1,center,Linear,71,58.608344115833866,157.5,-54.14704956299722,22.428442291481623,1.9517182195496698,1.9506564680131948,3.7203446787165115e-05,0.98,0.026329192100683897
1,center,Linear,72,65.41974319729482,0.0,65.41974319729482,0.0,1.9387949355012,1.937361921516643,6.901916499862677e-05,0.92,0.029637235676195264
1,center,Linear,73,65.41974319729482,22.5,60.43996176212517,25.035051871183516,1.9151594761141895,1.9134824520122415,0.0001335022666462062,0.89,0.03798518942389721
1,center,Linear,74,65.41974319729482,45.0,46.258744038289684,46.25874403828968,1.9411072409272956,1.9397890389745862,9.476926587595846e-05,0.94,0.032757057061356266
1,center,Linear,75,65.41974319729482,67.5,25.03505187118352,60.43996176212517,1.9739047509536907,1.9729913502086152,3.0786799799254724e-05,0.94,0.018912626157773827
1,center,Linear,76,65.41974319729482,90.0,4.005803955380447e-15,65.41974319729482,1.987957782384975,1.9873400852909398,9.491550743232104e-06,0.94,0.010723953112182107
1,center,Linear,77,65.41974319729482,112.5,-25.035051871183512,60.43996176212517,1.9910832437028525,1.9905808871940973,5.283190482468076e-06,0.94,0.008516969266200549
1,center,Linear,78,65.41974319729482,135.0,-46.25874403828968,46.258744038289684,1.9875158071790042,1.9869496030552949,6.922746017776345e-06,0.96,0.01078997458982369
1,center,Linear,79,65.41974319729482,157.5,-60.43996176212517,25.035051871183523,1.9725036559266467,1.9716491998012682,1.8012158897540324e-05,0.98,0.018315663876963904
1,center,Linear,80,73.30832234473793,0.0,73.30832234473793,0.0,1.9640723979115815,1.9628928546148452,3.611422500067544e-05,0.92,0.02138076459580375
1,center,Linear,81,73.30832234473793,22.5,67.7280585770432,28.053880415810717,1.9465248459840765,1.9450295832051043,7.959024469887026e-05,0.89,0.02933292836575464
1,center,Linear,82,73.30832234473793,45.0,51.836811847373504,51.83681184737349,1.9657210973663468,1.9645756528496034,4.832105745710082e-05,0.94,0.023473596493752878
1,center,Linear,83,73.30832234473793,67.5,28.05388041581072,67.7280585770432,1.9873354605413098,1.9866559027508959,1.1094849503517097e-05,0.94,0.011420445929641638
1,center,Linear,84,73.30832234473793,90.0,4.488840115517285e-15,73.30832234473793,1.9951022027982803,1.9947147418412927,2.487752172294784e-06,0.94,0.00548758290190352
1,center,Linear,85,73.30832234473793,112.5,-28.053880415810713,67.7280585770432,1.9966167485870905,1.9963237715054556,1.218742410816539e-06,0.94,0.004080598655411829
1,center,Linear,86,73.30832234473793,135.0,-51.83681184737349,51.836811847373504,1.9948801003233463,1.9945296340936776,1.8387263921712231e-06,0.96,0.005548463388168679
1,center,Linear,87,73.30832234473793,157.5,-67.7280585770432,28.053880415810728,1.9864967619944354,1.9858874547615215,6.694630765498933e-06,0.98,0.011150374971569434
1,center,Linear,88,86.7842498671274,0.0,86.7842498671274,0.0,1.9869852236230476,1.986257568860777,9.135579442057695e-06,0.92,0.010672313522455668
1,center,Linear,89,86.7842498671274,22.5,80.17819219658436,33.2108946143819,1.9777482190207778,1.9766769193322928,2.6021204665283548e-05,0.89,0.01673564481096322
1,center,Linear,90,86.7842498671274,45.0,61.365731581233526,61.36573158123352,1.9877857259540657,1.9870336839701452,1.1696409093860024e-05,0.94,0.01158369713121054
1,center,Linear,91,86.7842498671274,67.5,33.21089461438191,80.17819219658436,1.9968361633884775,1.9965131058059642,1.3872839577555273e-06,0.94,0.004040214154221211
1,center,Linear,92,86.7842498671274,90.0,5.3140026908090844e-15,86.7842498671274,1.9991343603981468,1.999002335056383,1.6850993100243835e-07,0.94,0.0014081459745645896
1,center,Linear,93,86.7842498671274,112.5,-33.21089461438189,80.17819219658436,1.9994781836014157,1.999391151158694,6.4010597678857e-08,0.94,0.0009210998251763747
1,center,Linear,94,86.7842498671274,135.0,-61.36573158123352,61.365731581233526,1.9990802545843047,1.9989618372152398,1.2529507558738439e-07,0.96,0.0014338877902770398
1,center,Linear,95,86.7842498671274,157.5,-80.17819219658436,33.21089461438191,1.996547698318026,1.9962694831619783,8.699074802448513e-07,0.98,0.00399583024149266
1,center,"Positive(s,w_a)",0,12.558511058242537,0.0,12.558511058242537,0.0,1.2806791621754507,1.2810474866040724,6.154537668269939e-05,0.96,0.02910876127175091
1,center,"Positive(s,w_a)",1,12.558511058242537,22.5,11.60255132552694,4.80593411716319,1.2592136509544922,1.259749528762056,7.48706421478363e-05,0.93,0.028112150846966347
1,center,"Positive(s,w_a)",2,12.558511058242537,45.0,8.880208330889543,8.880208330889543,1.2831161760622718,1.2837363366134997,0.00010132173158006825,0.95,0.031518758276518156
1,center,"Positive(s,w_a)",3,12.558511058242537,67.5,4.805934117163191,11.60255132552694,1.3306856505748457,1.331219345935426,0.00014279947306344105,0.91,0.03542962509555337
1,center,"Positive(s,w_a)",4,12.558511058242537,90.0,7.689870184766681e-16,12.558511058242537,1.3702039260744487,1.3706170007980183,0.00015451032714193782,0.92,0.03824770883364594
1,center,"Positive(s,w_a)",5,12.558511058242537,112.5,-4.805934117163189,11.60255132552694,1.3843612459400947,1.3846935307374841,0.00012665975689996398,0.94,0.03915462201753108
1,center,"Positive(s,w_a)",6,12.558511058242537,135.0,-8.880208330889543,8.880208330889543,1.3684640891756261,1.3687643946692418,8.07678430234574e-05,0.96,0.03763078020367078
1,center,"Positive(s,w_a)",7,12.558511058242537,157.5,-11.60255132552694,4.805934117163192,1.327831977321855,1.3281378443716758,5.2254091806416817e-05,0.96,0.03365177554264544
1,center,"Positive(s,w_a)",8,20.427007245311284,0.0,20.427007245311284,0.0,1.4411339743279898,1.4416050033517462,0.00013101625936924317,0.96,0.042548260023912474
1,center,"Positive(s,w_a)",9,20.427007245311284,22.5,18.872093904402856,7.817077245582279,1.4094792507045606,1.410207574470584,0.00016449202653981814,0.93,0.04175281350420672
1,center,"Positive(s,w_a)",10,20.427007245311284,45.0,14.444075342506348,14.444075342506345,1.4446948365347927,1.4455020256630542,0.00021370367283137155,0.95,0.04595104705145322
1,center,"Positive(s,w_a)",11,20.427007245311284,67.5,7.817077245582281,18.872093904402856,1.5127445341722985,1.5133373282286262,0.0002733633421123654,0.91,0.049519709595216475
1,center,"Positive(s,w_a)",12,20.427007245311284,90.0,1.2507934519565128e-15,20.427007245311284,1.566970575300187,1.5673354014553782,0.0002714964109212485,0.92,0.0513033927158757
1,center,"Positive(s,w_a)",13,20.427007245311284,112.5,-7.817077245582278,18.872093904402856,1.585838979558967,1.5861006581861714,0.00021718877531425065,0.94,0.05168375046724243
1,center,"Positive(s,w_a)",14,20.427007245311284,135.0,-14.444075342506345,14.444075342506348,1.564630819407502,1.5649049811864608,0.0001451582695398667,0.96,0.05059558997012299
1,center,"Positive(s,w_a)",15,20.427007245311284,157.5,-18.872093904402856,7.817077245582282,1.5087443093412778,1.5090884736729853,0.00010225546102684572,0.96,0.04719846990581825
1,center,"Positive(s,w_a)",16,26.830352681245163,0.0,26.830352681245163,0.0,1.557370731930003,1.5578260219296882,0.0001755077260984783,0.96,0.049344898243231336
1,center,"Positive(s,w_a)",17,26.830352681245163,22.5,24.78801369226173,10.26753145562479,1.5202821159328084,1.5210496342888382,0.00022858309616761562,0.93,0.04933155155919769
1,center,"Positive(s,w_a)",18,26.830352681245163,45.0,18.971924322535124,18.97192432253512,1.561498180590654,1.5623011162461937,0.0002832396092919276,0.95,0.05313209472924466
1,center,"Positive(s,w_a)",19,26.830352681245163,67.5,10.26753145562479,24.78801369226173,1.6384656405240627,1.6389234541259348,0.0003240869722866328,0.91,0.054519684191711965
1,center,"Positive(s,w_a)",20,26.830352681245163,90.0,1.6428852765540747e-15,26.830352681245163,1.6968904228976838,1.6970442070059368,0.00029158386675642525,0.92,0.05384569667924316
1,center,"Positive(s,w_a)",21,26.830352681245163,112.5,-10.267531455624788,24.78801369226173,1.7165377709066478,1.7165961858961847,0.00022653497239322678,0.94,0.0532393232368565
1,center,"Positive(s,w_a)",22,26.830352681245163,135.0,-18.97192432253512,18.971924322535124,1.6944284476931486,1.6945581814355626,0.00015972767591223612,0.96,0.05324196841352373
1,center,"Positive(s,w_a)",23,26.830352681245163,157.5,-24.78801369226173,10.267531455624791,1.6340478506687055,1.6343190483239545,0.0001241898649660214,0.96,0.0521678198197862
1,center,"Positive(s,w_a)",24,32.352426879602135,0.0,32.352426879602135,0.0,1.6454381925200663,1.6458147252920314,0.00019427977687323908,0.96,0.05202271446224261
1,center,"Positive(s,w_a)",25,32.352426879602135,22.5,29.889745021132406,12.380737763626737,1.6059063688916484,1.6066240203831021,0.00026322047942991053,0.93,0.05306326017452779
1,center,"Positive(s,w_a)",26,32.352426879602135,45.0,22.876620434408608,22.876620434408604,1.649786537349835,1.6504827604771535,0.0003099957275533265,0.95,0.05583793835214621
1,center,"Positive(s,w_a)",27,32.352426879602135,67.5,12.380737763626739,29.889745021132406,1.7287723060858946,1.7290210438042541,0.00031501559077677134,0.91,0.05435196420526389
1,center,"Positive(s,w_a)",28,32.352426879602135,90.0,1.981014801137677e-15,32.352426879602135,1.7856649615025757,1.7855790882150497,0.0002550390859054079,0.92,0.050986795472578915
1,center,"Positive(s,w_a)",29,32.352426879602135,112.5,-12.380737763626735,29.889745021132406,1.804101461697233,1.8039456813133044,0.00019181894169467722,0.94,0.0494042143337918
1,center,"Positive(s,w_a)",30,32.352426879602135,135.0,-22.876620434408604,22.876620434408608,1.7833285368503193,1.7832892795822926,0.00014308619814328352,0.96,0.05054946409133891
1,center,"Positive(s,w_a)",31,32.352426879602135,157.5,-29.889745021132406,12.38073776362674,1.7243549606481567,1.724508546814103,0.00012368375526320224,0.96,0.05221932103809372
1,center,"Positive(s,w_a)",32,37.38680114692877,0.0,37.38680114692877,0.0,1.715307630858213,1.7155733086876168,0.0001936814618532463,0.96,0.05204816496418535
1,center,"Positive(s,w_a)",33,37.38680114692877,22.5,34.540900365716986,14.307309388057776,1.6752928598104513,1.6759081359123147,0.00027373593661830705,0.93,0.054245671711202446
1,center,"Positive(s,w_a)",34,37.38680114692877,45.0,26.436460617866327,26.436460617866324,1.7196541413798216,1.720190759853924,0.0003053513509853905,0.95,0.05567868088636474
1,center,"Positive(s,w_a)",35,37.38680114692877,67.5,14.307309388057778,34.540900365716986,1.7964308461898613,1.7964573037018703,0.0002736883419175962,0.91,0.051221237813714675
1,center,"Positive(s,w_a)",36,37.38680114692877,90.0,2.2892813177472453e-15,37.38680114692877,1.8487014287619734,1.8484059521484681,0.00019809684268104914,0.92,0.0454739101115285
1,center,"Positive(s,w_a)",37,37.38680114692877,112.5,-14.307309388057774,34.540900365716986,1.8649759876303564,1.8646448874433244,0.000143761784936128,0.94,0.04311662645562052
1,center,"Positive(s,w_a)",38,37.38680114692877,135.0,-26.436460617866324,26.436460617866327,1.8466139450068826,1.8464232662466091,0.00011374257091739226,0.96,0.04520483622286307
1,center,"Positive(s,w_a)",39,37.38680114692877,157.5,-34.540900365716986,14.30730938805778,1.7922563234231177,1.792282060883547,0.00011008876645455386,0.96,0.04941825503122761
1,center,"Positive(s,w_a)",40,42.678458852212536,0.0,42.678458852212536,0.0,1.7780126044667983,1.7781392036256125,0.00017751004969488362,0.96,0.04993944731798769
1,center,"Positive(s,w_a)",41,42.678458852212536,22.5,39.429754612684306,16.332339121616943,1.7390811487504625,1.7395466291680302,0.00026395048111808357,0.93,0.05341788899523618
1,center,"Positive(s,w_a)",42,42.678458852212536,45.0,30.178227664990523,30.17822766499052,1.782177588720398,1.7825093737645696,0.0002758976752263164,0.95,0.05321226163429408
1,center,"Positive(s,w_a)",43,42.678458852212536,67.5,16.332339121616947,39.429754612684306,1.853333406118542,1.8531357675022775,0.00021306256207271552,0.91,0.045739897846679325
1,center,"Positive(s,w_a)",44,42.678458852212536,90.0,2.6133019012952052e-15,42.678458852212536,1.8985910819541305,1.8981267457808897,0.0001349475738362772,0.92,0.038005329742024044
1,center,"Positive(s,w_a)",45,42.678458852212536,112.5,-16.33233912161694,39.429754612684306,1.9120143320415028,1.911555099626881,9.369900637419857e-05,0.94,0.035104463724935024
1,center,"Positive(s,w_a)",46,42.678458852212536,135.0,-30.17822766499052,30.178227664990523,1.8968441630947914,1.896527623417282,7.942424164670267e-05,0.96,0.03789407214211431
1,center,"Positive(s,w_a)",47,42.678458852212536,157.5,-39.429754612684306,16.332339121616947,1.8495951416836047,1.8494890685340133,8.802189368134456e-05,0.96,0.044343444468166016
1,center,"Positive(s,w_a)",48,47.71923537736118,0.0,47.71923537736118,0.0,1.827905391858915,1.8278951328551127,0.0001521403486741225,0.96,0.04633249348313745
1,center,"Positive(s,w_a)",49,47.71923537736118,22.5,44.086824872232505,18.261360784046197,1.7912479958733445,1.7915483457950123,0.00023886782882452543,0.93,0.05096260146380668
1,center,"Positive(s,w_a)",50,47.71923537736118,45.0,33.742594928369094,33.74259492836909,1.831763192459217,1.8318906974087197,0.00023294052268354407,0.95,0.04916471820442447
1,center,"Positive(s,w_a)",51,47.71923537736118,67.5,18.2613607840462,44.086824872232505,1.8953749675451217,1.8950036717750212,0.00015369877842981973,0.91,0.039298070846547954
1,center,"Positive(s,w_a)",52,47.71923537736118,90.0,2.9219604431322252e-15,47.71923537736118,1.9329790585109274,1.9324236158326,8.449599386204843e-05,0.92,0.030417299594045214
1,center,"Positive(s,w_a)",53,47.71923537736118,112.5,-18.261360784046193,44.086824872232505,1.9435611019884274,1.9430471142110628,5.5881416927178046e-05,0.94,0.027316672456149868
1,center,"Positive(s,w_a)",54,47.71923537736118,135.0,-33.74259492836909,33.742594928369094,1.9315803289010418,1.9311917452255718,5.088957873834829e-05,0.96,0.0304184114817601
1,center,"Positive(s,w_a)",55,47.71923537736118,157.5,-44.086824872232505,18.2613607840462,1.8921556311593437,1.891944536428764,6.516258614146639e-05,0.96,0.03828627401502015
1,center,"Positive(s,w_a)",56,52.907051514897304,0.0,52.907051514897304,0.0,1.8699629084903813,1.8698231020094929,0.0001215116528679171,0.96,0.041495166672998726
1,center,"Positive(s,w_a)",57,52.907051514897304,22.5,48.87974202013389,20.246652070037523,1.8365797787991789,1.8367056885305515,0.0002029782482689493,0.93,0.047123303670125016
1,center,"Positive(s,w_a)",58,52.907051514897304,45.0,37.41093489876989,37.41093489876988,1.873410344800869,1.8733422496957521,0.00018293856488660725,0.95,0.043828742202010634
1,center,"Positive(s,w_a)",59,52.907051514897304,67.5,20.246652070037527,48.87974202013389,1.9280224929886371,1.9275315200872378,0.0001011389298865175,0.91,0.03224655294295938
1,center,"Positive(s,w_a)",60,52.907051514897304,90.0,3.2396225645021553e-15,52.907051514897304,1.957709436595343,1.9571329087385538,4.738356101286757e-05,0.92,0.02302045471473054
1,center,"Positive(s,w_a)",61,52.907051514897304,112.5,-20.24665207003752,48.87974202013389,1.9655717673118909,1.9650656631761874,2.9601850499254333e-05,0.94,0.020019420735059613
1,center,"Positive(s,w_a)",62,52.907051514897304,135.0,-37.41093489876988,37.41093489876989,1.9566516159090774,1.9562405593580632,2.9181803214446293e-05,0.96,0.02309261475506121
1,center,"Positive(s,w_a)",63,52.907051514897304,157.5,-48.87974202013389,20.24665207003753,1.9253758994396206,1.925089352850038,4.402410629850859e-05,0.96,0.031583611108695425
1,center,"Positive(s,w_a)",64,58.608344115833866,0.0,58.608344115833866,0.0,1.9064771334925177,1.9062223074732356,8.835450127479296e-05,0.96,0.035459201233976875
1,center,"Positive(s,w_a)",65,58.608344115833866,22.5,54.14704956299722,22.428442291481616,1.877373349808649,1.8773216021032866,0.00015909473689817397,0.93,0.04186384681823927
1,center,"Positive(s,w_a)",66,58.608344115833866,45.0,41.442357558420824,41.44235755842082,1.9094139028798842,1.909169354400697,0.0001303873334215281,0.95,0.03724989648009529
1,center,"Positive(s,w_a)",67,58.608344115833866,67.5,22.42844229148162,54.14704956299722,1.953754934330514,1.9532065697629313,5.837605693624929e-05,0.91,0.024788298236604195
1,center,"Positive(s,w_a)",68,58.608344115833866,90.0,3.588726051239128e-15,58.608344115833866,1.9755176056261008,1.9749864866328268,2.2575726068148313e-05,0.92,0.016044898065101475
1,center,"Positive(s,w_a)",69,58.608344115833866,112.5,-22.428442291481613,54.14704956299722,1.980867326782987,1.980424615760584,1.3140118356994896e-05,0.94,0.013418187745316223
1,center,"Positive(s,w_a)",70,58.608344115833866,135.0,-41.44235755842082,41.442357558420824,1.9747822213150337,1.974396988828647,1.4213073374538283e-05,0.96,0.0161493746204737
1,center,"Positive(s,w_a)",71,58.608344115833866,157.5,-54.14704956299722,22.428442291481623,1.9517182195496698,1.9513914443321045,2.612585942823822e-05,0.96,0.02442532734033798
1,center,"Positive(s,w_a)",72,65.41974319729482,0.0,65.41974319729482,0.0,1.9387949355012,1.9384518973354334,5.5086629793673925e-05,0.96,0.028056661320937596
1,center,"Positive(s,w_a)",73,65.41974319729482,22.5,60.43996176212517,25.035051871183516,1.9151594761141895,1.914936321271281,0.00010951561129956634,0.93,0.0348759125938839
1,center,"Positive(s,w_a)",74,65.41974319729482,45.0,46.258744038289684,46.25874403828968,1.9411072409272956,1.9407223343954922,7.922986430761689e-05,0.95,0.029269625632644125
1,center,"Positive(s,w_a)",75,65.41974319729482,67.5,25.03505187118352,60.43996176212517,1.9739047509536907,1.9733751156397343,2.6982341606000577e-05,0.91,0.01706002093757671
1,center,"Positive(s,w_a)",76,65.41974319729482,90.0,4.005803955380447e-15,65.41974319729482,1.987957782384975,1.9875360979756582,8.1230656083812e-06,0.92,0.009703314821337222
1,center,"Positive(s,w_a)",77,65.41974319729482,112.5,-25.035051871183512,60.43996176212517,1.9910832437028525,1.9907523252389634,4.2961777170995365e-06,0.94,0.0077050799823099566
1,center,"Positive(s,w_a)",78,65.41974319729482,135.0,-46.25874403828968,46.258744038289684,1.9875158071790042,1.98720438052177,5.226947603381284e-06,0.96,0.009804074503354623
1,center,"Positive(s,w_a)",79,65.41974319729482,157.5,-60.43996176212517,25.035051871183523,1.9725036559266467,1.972181198072178,1.2449322302364428e-05,0.96,0.016933211971742385
1,center,"Positive(s,w_a)",80,73.30832234473793,0.0,73.30832234473793,0.0,1.9640723979115815,1.9636955937119742,2.8354423974305547e-05,0.96,0.020157815644102062
1,center,"Positive(s,w_a)",81,73.30832234473793,22.5,67.7280585770432,28.053880415810717,1.9465248459840765,1.946175968208334,6.401116277335435e-05,0.93,0.026782807395609246
1,center,"Positive(s,w_a)",82,73.30832234473793,45.0,51.836811847373504,51.83681184737349,1.9657210973663468,1.9652719312647617,3.950007745997998e-05,0.95,0.020850967854596662
1,center,"Positive(s,w_a)",83,73.30832234473793,67.5,28.05388041581072,67.7280585770432,1.9873354605413098,1.9869029880419091,9.5308794451531e-06,0.91,0.010250210710924015
1,center,"Positive(s,w_a)",84,73.30832234473793,90.0,4.488840115517285e-15,73.30832234473793,1.9951022027982803,1.9948243757962436,2.087530929473285e-06,0.92,0.004937943672525476
1,center,"Positive(s,w_a)",85,73.30832234473793,112.5,-28.053880415810713,67.7280585770432,1.9966167485870905,1.9964139158742658,9.733548177907776e-07,0.94,0.00366754545733893
1,center,"Positive(s,w_a)",86,73.30832234473793,135.0,-51.83681184737349,51.836811847373504,1.9948801003233463,1.9946709843883994,1.3679194868617078e-06,0.96,0.005009353196349519
1,center,"Positive(s,w_a)",87,73.30832234473793,157.5,-67.7280585770432,28.053880415810728,1.9864967619944354,1.9862272969814683,4.5324573109624155e-06,0.96,0.010259089753560682
1,center,"Positive(s,w_a)",88,86.7842498671274,0.0,86.7842498671274,0.0,1.9869852236230476,1.9866740749667668,6.960027636831487e-06,0.96,0.009976553589367781
1,center,"Positive(s,w_a)",89,86.7842498671274,22.5,80.17819219658436,33.2108946143819,1.9777482190207778,1.9773576584813979,2.0115948862983736e-05,0.93,0.015107241544697144
1,center,"Positive(s,w_a)",90,86.7842498671274,45.0,61.365731581233526,61.36573158123352,1.9877857259540657,1.9874040685834262,9.142056953175664e-06,0.95,0.010162636404180154
1,center,"Positive(s,w_a)",91,86.7842498671274,67.5,33.21089461438191,80.17819219658436,1.9968361633884775,1.996611068264645,1.1468632312069252e-06,0.91,0.0035865489687039796
1,center,"Positive(s,w_a)",92,86.7842498671274,90.0,5.3140026908090844e-15,86.7842498671274,1.9991343603981468,1.9990350113131765,1.3636639755841502e-07,0.92,0.0012508182670936119
1,center,"Positive(s,w_a)",93,86.7842498671274,112.5,-33.21089461438189,80.17819219658436,1.9994781836014157,1.999414844584116,4.944827964960322e-08,0.94,0.0008151144750654971
1,center,"Positive(s,w_a)",94,86.7842498671274,135.0,-61.36573158123352,61.365731581233526,1.9990802545843047,1.9990032784022278,9.047780431881595e-08,0.96,0.0012755734434872035
1,center,"Positive(s,w_a)",95,86.7842498671274,157.5,-80.17819219658436,33.21089461438191,1.996547698318026,1.996402072912793,5.656713184220517e-07,0.96,0.0036369809426941633
2,high,Linear,0,12.558511058242537,0.0,12.558511058242537,0.0,1.27439070422554,1.276474727296207,7.108177603332014e-05,0.98,0.03548857998896575
2,high,Linear,1,12.558511058242537,22.5,11.60255132552694,4.80593411716319,1.2107106999771076,1.2131726139788226,3.344549120706466e-05,0.99,0.02807978722821009
2,high,Linear,2,12.558511058242537,45.0,8.880208330889543,8.880208330889543,1.2210696747871004,1.225033050437445,5.096400881736974e-05,0.98,0.03325710730465167
2,high,Linear,3,12.558511058242537,67.5,4.805934117163191,11.60255132552694,1.2927240979791867,1.2975558521476764,9.64063430216485e-05,0.97,0.040986447984544566
2,high,Linear,4,12.558511058242537,90.0,7.689870184766681e-16,12.558511058242537,1.3621838660498078,1.3670844937935607,0.00013182298415713808,0.96,0.04741167439585693
2,high,Linear,5,12.558511058242537,112.5,-4.805934117163189,11.60255132552694,1.3989248039123663,1.4033800296954007,0.00014851743625061905,0.97,0.05035151171611561
2,high,Linear,6,12.558511058242537,135.0,-8.880208330889543,8.880208330889543,1.393966296479579,1.3976698216001018,0.00014322670377711326,0.98,0.04947530628436986
2,high,Linear,7,12.558511058242537,157.5,-11.60255132552694,4.805934117163192,1.348311503044522,1.351111099151952,0.00011546586112303553,0.97,0.04447290352660278
2,high,Linear,8,20.427007245311284,0.0,20.427007245311284,0.0,1.4319139581793492,1.4348879764725648,0.0001522020640204219,0.98,0.05201480707605738
2,high,Linear,9,20.427007245311284,22.5,18.872093904402856,7.817077245582279,1.3361965708389143,1.3399331826335723,7.809916033060116e-05,0.99,0.04294328783025998
2,high,Linear,10,20.427007245311284,45.0,14.444075342506348,14.444075342506345,1.3520366108370505,1.3580188057574947,0.0001170716310207127,0.98,0.050473231673406824
2,high,Linear,11,20.427007245311284,67.5,7.817077245582281,18.872093904402856,1.4586655168301548,1.4655344674409077,0.00019818084221884157,0.97,0.058962839915353164
2,high,Linear,12,20.427007245311284,90.0,1.2507934519565128e-15,20.427007245311284,1.5561476161154415,1.5625809350727047,0.00023612237470035938,0.96,0.06377727662755465
2,high,Linear,13,20.427007245311284,112.5,-7.817077245582278,18.872093904402856,1.6049239964443947,1.6104550470702292,0.00024499296459021746,0.97,0.06495234860159303
2,high,Linear,14,20.427007245311284,135.0,-14.444075342506345,14.444075342506348,1.5984637281662697,1.6030594997540855,0.00024068930025561352,0.98,0.06432136077738945
2,high,Linear,15,20.427007245311284,157.5,-18.872093904402856,7.817077245582282,1.5372049145518596,1.5408791736072482,0.00021600322297956272,0.97,0.06094869525532271
2,high,Linear,16,26.830352681245163,0.0,26.830352681245163,0.0,1.5466408058898977,1.5499913702923103,0.00020525734258399286,0.98,0.060516443259871655
2,high,Linear,17,26.830352681245163,22.5,24.78801369226173,10.26753145562479,1.4319497361521174,1.4364768218438124,0.00011649397770720582,0.99,0.05249625461575395
2,high,Linear,18,26.830352681245163,45.0,18.971924322535124,18.97192432253512,1.4513095817484127,1.4585108494773535,0.00017132273222967813,0.98,0.06115462359473563
2,high,Linear,19,26.830352681245163,67.5,10.26753145562479,24.78801369226173,1.5776004735950617,1.5853105726478933,0.0002548545563914447,0.97,0.06712948556206083
2,high,Linear,20,26.830352681245163,90.0,1.6428852765540747e-15,26.830352681245163,1.6854558793157661,1.6920327655294158,0.000258784296643334,0.96,0.06716295293789543
2,high,Linear,21,26.830352681245163,112.5,-10.267531455624788,24.78801369226173,1.736023578705232,1.7413154786248988,0.00024409819940496814,0.97,0.06515329423821963
2,high,Linear,22,26.830352681245163,135.0,-18.97192432253512,18.971924322535124,1.729472397995845,1.7338628746236964,0.00024504490888511326,0.98,0.06510482961270296
2,high,Linear,23,26.830352681245163,157.5,-24.78801369226173,10.267531455624791,1.6651653211086166,1.668913913746658,0.0002490260183418805,0.97,0.06558501497575339
2,high,Linear,24,32.352426879602135,0.0,32.352426879602135,0.0,1.634085006463803,1.6375040804469072,0.00022883203431877462,0.98,0.06402253728145306
2,high,Linear,25,32.352426879602135,22.5,29.889745021132406,12.380737763626737,1.5088179651687303,1.5138202918320858,0.0001447655061040963,0.99,0.058579494424429085
2,high,Linear,26,32.352426879602135,45.0,22.876620434408608,22.876620434408604,1.5304156155212427,1.5383181753072461,0.00020855915656976825,0.98,0.06759063342583035
2,high,Linear,27,32.352426879602135,67.5,12.380737763626739,29.889745021132406,1.6666474224403172,1.6744914708497434,0.00026990240651625775,0.97,0.06938209504217427
2,high,Linear,28,32.352426879602135,90.0,1.981014801137677e-15,32.352426879602135,1.7747658401129525,1.7808101779095094,0.00023080234527598852,0.96,0.06383089770996245
2,high,Linear,29,32.352426879602135,112.5,-12.380737763626735,29.889745021132406,1.8220021271031839,1.8265222178696583,0.00019658685237129307,0.97,0.05876785727121236
2,high,Linear,30,32.352426879602135,135.0,-22.876620434408604,22.876620434408608,1.8160281714730968,1.819767083052897,0.00020199694656917525,0.98,0.05929419890389781
2,high,Linear,31,32.352426879602135,157.5,-29.889745021132406,12.38073776362674,1.755135320029009,1.7585645504815017,0.00023457496399558185,0.97,0.06379241467396096
2,high,Linear,32,37.38680114692877,0.0,37.38680114692877,0.0,1.7039063372567962,1.7072039832034338,0.0002298449314443149,0.98,0.06429540179354765
2,high,Linear,33,37.38680114692877,22.5,34.540900365716986,14.307309388057776,1.5737103598312925,1.5789728434510053,0.00016333132196963646,0.99,0.0622896960151475
2,high,Linear,34,37.38680114692877,45.0,26.436460617866327,26.436460617866324,1.596668406951808,1.6049210782869325,0.00023016160719331578,0.98,0.07113837501401549
2,high,Linear,35,37.38680114692877,67.5,14.307309388057778,34.540900365716986,1.7363979513540588,1.743948169848093,0.00025654202262824824,0.97,0.0679612183200808
2,high,Linear,36,37.38680114692877,90.0,2.2892813177472453e-15,37.38680114692877,1.8389174925876168,1.8441285173576736,0.00018258886531611433,0.96,0.05715753740902167
2,high,Linear,37,37.38680114692877,112.5,-14.307309388057774,34.540900365716986,1.8804211935464614,1.8840154659788337,0.00013952202007432615,0.97,0.049765620907401456
2,high,Linear,38,37.38680114692877,135.0,-26.436460617866324,26.436460617866327,1.8753076439683767,1.878265494658674,0.00014698411005507203,0.98,0.050730723263333485
2,high,Linear,39,37.38680114692877,157.5,-34.540900365716986,14.30730938805778,1.8210110954459937,1.8239435076151989,0.00019679023347058425,0.97,0.058553330014907964
2,high,Linear,40,42.678458852212536,0.0,42.678458852212536,0.0,1.7670259441111955,1.7700457483450467,0.00021253213645532968,0.98,0.061974036111261545
2,high,Linear,41,42.678458852212536,22.5,39.429754612684306,16.332339121616943,1.636205515652533,1.641568259979879,0.00017368452534716964,0.99,0.06431708444936725
2,high,Linear,42,42.678458852212536,45.0,30.178227664990523,30.17822766499052,1.6598998499960258,1.6682361702466921,0.00023831669749373917,0.98,0.07255413415606783
2,high,Linear,43,42.678458852212536,67.5,16.332339121616947,39.429754612684306,1.7980960623647873,1.8050061521003382,0.00022193190192747417,0.97,0.06357382258823085
2,high,Linear,44,42.678458852212536,90.0,2.6133019012952052e-15,42.678458852212536,1.89035644316282,1.8945258123920041,0.00012675148220866257,0.96,0.048005586474239914
2,high,Linear,45,42.678458852212536,112.5,-16.33233912161694,39.429754612684306,1.924407773513666,1.9270068091580856,8.508924710492792e-05,0.97,0.03908946726421954
2,high,Linear,46,42.678458852212536,135.0,-30.17822766499052,30.178227664990523,1.920344120680807,1.922462685383301,9.237307693424666e-05,0.98,0.04034082342341975
2,high,Linear,47,42.678458852212536,157.5,-39.429754612684306,16.332339121616947,1.874991064696989,1.8773020167219743,0.00014662960677598008,0.97,0.05065656936442856
2,high,Linear,48,47.71923537736118,0.0,47.71923537736118,0.0,1.817667337510279,1.8203231992242506,0.00018386733315740023,0.98,0.05778522757682476
2,high,Linear,49,47.71923537736118,22.5,44.086824872232505,18.261360784046197,1.6900951039033054,1.6954011253158487,0.00017452399573198327,0.99,0.06456228325934099
2,high,Linear,50,47.71923537736118,45.0,33.742594928369094,33.74259492836909,1.7138660247509678,1.7220374143018626,0.00023271453496403403,0.98,0.07187619698346538
2,high,Linear,51,47.71923537736118,67.5,18.2613607840462,44.086824872232505,1.8463832754486633,1.8524722371233386,0.00017872207342571562,0.97,0.05740663804058898
2,high,Linear,52,47.71923537736118,90.0,2.9219604431322252e-15,47.71923537736118,1.9263449545227753,1.9295178017748202,8.07009321732325e-05,0.96,0.03862934414337085
2,high,Linear,53,47.71923537736118,112.5,-18.261360784046193,44.086824872232505,1.953046507340183,1.954810702187481,4.721798895472922e-05,0.97,0.029283074566165475
2,high,Linear,54,47.71923537736118,135.0,-33.74259492836909,33.742594928369094,1.9499687821530556,1.9513845965746581,5.293690189308497e-05,0.98,0.03061900224271181
2,high,Linear,55,47.71923537736118,157.5,-44.086824872232505,18.2613607840462,1.9137053192260198,1.9154216714604804,0.00010073478790839025,0.97,0.04207150914431173
2,high,Linear,56,52.907051514897304,0.0,52.907051514897304,0.0,1.8607502639569302,1.8629770780771582,0.0001483968393677118,0.98,0.052052121609553643
2,high,Linear,57,52.907051514897304,22.5,48.87974202013389,20.246652070037523,1.7397555672118208,1.744868134597481,0.00016707371473017804,0.99,0.06326985774228616
2,high,Linear,58,52.907051514897304,45.0,37.41093489876989,37.41093489876988,1.763032810940656,1.770823441416353,0.00021560857471406594,0.98,0.06938610483064091
2,high,Linear,59,52.907051514897304,67.5,20.246652070037527,48.87974202013389,1.886349341600365,1.8914848553304804,0.00013287266203259267,0.97,0.049856622312558094
2,high,Linear,60,52.907051514897304,90.0,3.2396225645021553e-15,52.907051514897304,1.9526565774241798,1.954911861938482,4.594579051162616e-05,0.96,0.029422095746363553
2,high,Linear,61,52.907051514897304,112.5,-20.24665207003752,48.87974202013389,1.972384557505103,1.9734747255063922,2.3020955300810994e-05,0.97,0.02056133982421926
2,high,Linear,62,52.907051514897304,135.0,-37.41093489876988,37.41093489876989,1.970200578610004,1.9710516790156154,2.6774388345470488e-05,0.98,0.021821015511105303
2,high,Linear,63,52.907051514897304,157.5,-48.87974202013389,20.24665207003753,1.9427965024963305,1.9439671849514415,6.25662004621695e-05,0.97,0.033215086068646954
2,high,Linear,64,58.608344115833866,0.0,58.608344115833866,0.0,1.8985625456162243,1.9003049165428414,0.00010925413330876373,0.98,0.04479903398572913
2,high,Linear,65,58.608344115833866,22.5,54.14704956299722,22.428442291481616,1.787650850384793,1.7924226342973528,0.0001512525107270614,0.99,0.060315976531520335
2,high,Linear,66,58.608344115833866,45.0,41.442357558420824,41.44235755842082,1.8098173847952248,1.8169971035467674,0.000187580546091601,0.98,0.06495342175511876
2,high,Linear,67,58.608344115833866,67.5,22.42844229148162,54.14704956299722,1.9203073024113027,1.9243801853579507,8.851271793065928e-05,0.97,0.04105465668477899
2,high,Linear,68,58.608344115833866,90.0,3.588726051239128e-15,58.608344115833866,1.9719743605803481,1.9734188693829402,2.2189709434274277e-05,0.96,0.020671452324618703
2,high,Linear,69,58.608344115833866,112.5,-22.428442291481613,54.14704956299722,1.9853156382167392,1.9858938047247074,9.236294422435656e-06,0.97,0.013095296249931691
2,high,Linear,70,58.608344115833866,135.0,-41.44235755842082,41.442357558420824,1.983910656968809,1.9843373633596635,1.1230304727010326e-05,0.98,0.014148218871713152
2,high,Linear,71,58.608344115833866,157.5,-54.14704956299722,22.428442291481623,1.9648552422387602,1.9655489124653576,3.3587345937510465e-05,0.97,0.024368983454085134
2,high,Linear,72,65.41974319729482,0.0,65.41974319729482,0.0,1.9324928022467271,1.933699285184582,6.922027833783885e-05,0.98,0.035790202986975175
2,high,Linear,73,65.41974319729482,22.5,60.43996176212517,25.035051871183516,1.8360994644623019,1.840338352915565,0.00012587333369455848,0.99,0.05516373987208876
2,high,Linear,74,65.41974319729482,45.0,46.258744038289684,46.25874403828968,1.8563383578414572,1.862611964178372,0.00014808994547500578,0.98,0.05799597436558864
2,high,Linear,75,65.41974319729482,67.5,25.03505187118352,60.43996176212517,1.9495516078370163,1.9524617671346869,4.909864166048377e-05,0.97,0.030943230194227976
2,high,Linear,76,65.41974319729482,90.0,4.005803955380447e-15,65.41974319729482,1.9858034732106533,1.9865714860218144,8.07629586750426e-06,0.96,0.012640483887561966
2,high,Linear,77,65.41974319729482,112.5,-25.035051871183512,60.43996176212517,1.9935435857791184,1.993771108424531,2.6427591653721176e-06,0.97,0.007038773517230179
2,high,Linear,78,65.41974319729482,135.0,-46.25874403828968,46.258744038289684,1.9927818363697962,1.9929252722784236,3.406746026848056e-06,0.98,0.007784986178990578
2,high,Linear,79,65.41974319729482,157.5,-60.43996176212517,25.035051871183523,1.9813032875031726,1.9816101193039342,1.406147488440801e-05,0.97,0.015773445361743476
2,high,Linear,80,73.30832234473793,0.0,73.30832234473793,0.0,1.9595128463543263,1.960215490175116,3.635519121268778e-05,0.98,0.02604449212234559
2,high,Linear,81,73.30832234473793,22.5,67.7280585770432,28.053880415810717,1.8812245064106357,1.8847534621488438,9.380421007247866e-05,0.99,0.04777639454201704
2,high,Linear,82,73.30832234473793,45.0,51.836811847373504,51.83681184737349,1.8987074417882166,1.9038232904227237,0.00010309945352037846,0.98,0.048706251572928724
2,high,Linear,83,73.30832234473793,67.5,28.05388041581072,67.7280585770432,1.9716220760341827,1.9734443919404712,2.1708860490165e-05,0.97,0.02089730028840787
2,high,Linear,84,73.30832234473793,90.0,4.488840115517285e-15,73.30832234473793,1.994003164169763,1.9943220249949487,2.0902332838058977e-06,0.96,0.006530578239514822
2,high,Linear,85,73.30832234473793,112.5,-28.053880415810713,67.7280585770432,1.9977274081926186,1.9977801328410325,5.054964321184646e-07,0.97,0.0030844506829481146
2,high,Linear,86,73.30832234473793,135.0,-51.83681184737349,51.836811847373504,1.9973924216035108,1.9974043570486557,7.020349183962037e-07,0.98,0.0035148808437525216
2,high,Linear,87,73.30832234473793,157.5,-67.7280585770432,28.053880415810728,1.9915882469639992,1.9916569193164202,4.35707782808725e-06,0.97,0.008763123637106764
2,high,Linear,88,86.7842498671274,0.0,86.7842498671274,0.0,1.9847065795151402,1.9848881133235583,9.272235998479002e-06,0.98,0.01323005310545898
2,high,Linear,89,86.7842498671274,22.5,80.17819219658436,33.2108946143819,1.9352078208265917,1.9375218476466634,4.715967787054187e-05,0.99,0.03408818716764352
2,high,Linear,90,86.7842498671274,45.0,61.365731581233526,61.36573158123352,1.9476007557540487,1.9508289700617554,4.535919862470098e-05,0.98,0.032736820911666076
2,high,Linear,91,86.7842498671274,67.5,33.21089461438191,80.17819219658436,1.990540112737547,1.9912132348190335,3.945941166014184e-06,0.97,0.009184208591712937
2,high,Linear,92,86.7842498671274,90.0,5.3140026908090844e-15,86.7842498671274,1.9988584587926288,1.998901778270002,1.3682391456410363e-07,0.96,0.0017083849621034152
2,high,Linear,93,86.7842498671274,112.5,-33.21089461438189,80.17819219658436,1.999697480938588,1.9996904955780155,1.871641091377255e-08,0.97,0.0005876686532602981
2,high,Linear,94,86.7842498671274,135.0,-61.36573158123352,61.365731581233526,1.9996347388133653,1.9996170167589744,2.995812586351613e-08,0.98,0.0007094041324767431
2,high,Linear,95,86.7842498671274,157.5,-80.17819219658436,33.21089461438191,1.99818825827851,1.9981499008724828,4.040563101967346e-07,0.97,0.0026376809457704085
2,high,"Positive(s,w_a)",0,12.558511058242537,0.0,12.558511058242537,0.0,1.27439070422554,1.2762718602026244,6.451466125614573e-05,0.98,0.03371191993122831
2,high,"Positive(s,w_a)",1,12.558511058242537,22.5,11.60255132552694,4.80593411716319,1.2107106999771076,1.212902479024766,3.12425524083572e-05,0.99,0.027134649352234117
2,high,"Positive(s,w_a)",2,12.558511058242537,45.0,8.880208330889543,8.880208330889543,1.2210696747871004,1.2240893911425577,3.0884967978562944e-05,0.99,0.03155141703318344
2,high,"Positive(s,w_a)",3,12.558511058242537,67.5,4.805934117163191,11.60255132552694,1.2927240979791867,1.2961246659864631,7.020888391928445e-05,0.97,0.03824536301150438
2,high,"Positive(s,w_a)",4,12.558511058242537,90.0,7.689870184766681e-16,12.558511058242537,1.3621838660498078,1.3655687884650147,0.00010718232446701644,0.97,0.04380952918841265
2,high,"Positive(s,w_a)",5,12.558511058242537,112.5,-4.805934117163189,11.60255132552694,1.3989248039123663,1.4020428983364048,0.00012516650723130954,0.96,0.04649426710561675
2,high,"Positive(s,w_a)",6,12.558511058242537,135.0,-8.880208330889543,8.880208330889543,1.393966296479579,1.3966697097079352,0.00012157103651283581,0.98,0.045927301276647674
2,high,"Positive(s,w_a)",7,12.558511058242537,157.5,-11.60255132552694,4.805934117163192,1.348311503044522,1.3505358336540936,9.879519977920694e-05,0.98,0.041705318640254785
2,high,"Positive(s,w_a)",8,20.427007245311284,0.0,20.427007245311284,0.0,1.4319139581793492,1.4345983982003656,0.00013831337099373057,0.98,0.049437841621947004
2,high,"Positive(s,w_a)",9,20.427007245311284,22.5,18.872093904402856,7.817077245582279,1.3361965708389143,1.3395219840106811,7.30212525825132e-05,0.99,0.041507654560364336
2,high,"Positive(s,w_a)",10,20.427007245311284,45.0,14.444075342506348,14.444075342506345,1.3520366108370505,1.3565943619896055,7.108263271032968e-05,0.99,0.047923369272495034
2,high,"Positive(s,w_a)",11,20.427007245311284,67.5,7.817077245582281,18.872093904402856,1.4586655168301548,1.4634885917991358,0.00014500604049769226,0.97,0.05509729551858337
2,high,"Positive(s,w_a)",12,20.427007245311284,90.0,1.2507934519565128e-15,20.427007245311284,1.5561476161154415,1.5605609012525454,0.00019338583828905476,0.97,0.05904608396402604
2,high,"Positive(s,w_a)",13,20.427007245311284,112.5,-7.817077245582278,18.872093904402856,1.6049239964443947,1.6087548191933316,0.0002079125184626148,0.96,0.0600897754918539
2,high,"Positive(s,w_a)",14,20.427007245311284,135.0,-14.444075342506345,14.444075342506348,1.5984637281662697,1.6017852447426812,0.0002052265462835268,0.98,0.059786285699672065
2,high,"Positive(s,w_a)",15,20.427007245311284,157.5,-18.872093904402856,7.817077245582282,1.5372049145518596,1.5401100835203332,0.00018521734130693527,0.98,0.05720441518798202
2,high,"Positive(s,w_a)",16,26.830352681245163,0.0,26.830352681245163,0.0,1.5466408058898977,1.5496649182604898,0.00018679321478617952,0.98,0.05755440486536601
2,high,"Positive(s,w_a)",17,26.830352681245163,22.5,24.78801369226173,10.26753145562479,1.4319497361521174,1.4359768794210475,0.00010903479535206718,0.99,0.05075505443351882
2,high,"Positive(s,w_a)",18,26.830352681245163,45.0,18.971924322535124,18.97192432253512,1.4513095817484127,1.4567958591773482,0.00010425218699237818,0.99,0.05811911813232829
2,high,"Positive(s,w_a)",19,26.830352681245163,67.5,10.26753145562479,24.78801369226173,1.5776004735950617,1.5829986375505474,0.00018749940180384263,0.97,0.06282956899744596
2,high,"Positive(s,w_a)",20,26.830352681245163,90.0,1.6428852765540747e-15,26.830352681245163,1.6854558793157661,1.6899286501241648,0.00021374233819234975,0.97,0.06231704079491641
2,high,"Positive(s,w_a)",21,26.830352681245163,112.5,-10.267531455624788,24.78801369226173,1.736023578705232,1.739638877903211,0.00020879555654573244,0.96,0.06040319039262583
2,high,"Positive(s,w_a)",22,26.830352681245163,135.0,-18.97192432253512,18.971924322535124,1.729472397995845,1.7326038187651072,0.00020999543063482647,0.98,0.06060189812685685
2,high,"Positive(s,w_a)",23,26.830352681245163,157.5,-24.78801369226173,10.267531455624791,1.6651653211086166,1.6681104922151362,0.0002140413173913179,0.98,0.06161473262429693
2,high,"Positive(s,w_a)",24,32.352426879602135,0.0,32.352426879602135,0.0,1.634085006463803,1.6371705748403302,0.00020855917296041886,0.98,0.06092944736200903
2,high,"Positive(s,w_a)",25,32.352426879602135,22.5,29.889745021132406,12.380737763626737,1.5088179651687303,1.5132656831086055,0.0001356504998923409,0.99,0.056652933135373534
2,high,"Positive(s,w_a)",26,32.352426879602135,45.0,22.876620434408608,22.876620434408604,1.5304156155212427,1.5364357077704744,0.00012721131594635462,0.99,0.06429896169984056
2,high,"Positive(s,w_a)",27,32.352426879602135,67.5,12.380737763626739,29.889745021132406,1.6666474224403172,1.6721212950888418,0.00019975458920484462,0.97,0.06504794117950534
2,high,"Positive(s,w_a)",28,32.352426879602135,90.0,1.981014801137677e-15,32.352426879602135,1.7747658401129525,1.7788342015236882,0.0001923679377789,0.97,0.059360988651497026
2,high,"Positive(s,w_a)",29,32.352426879602135,112.5,-12.380737763626735,29.889745021132406,1.8220021271031839,1.8250381436667371,0.00016955219215467504,0.96,0.05460229368063946
2,high,"Positive(s,w_a)",30,32.352426879602135,135.0,-22.876620434408604,22.876620434408608,1.8160281714730968,1.8186507018481313,0.0001739929053078384,0.98,0.05527453651663428
2,high,"Positive(s,w_a)",31,32.352426879602135,157.5,-29.889745021132406,12.38073776362674,1.755135320029009,1.757808440574417,0.00020210141306881233,0.98,0.059989897925637144
2,high,"Positive(s,w_a)",32,37.38680114692877,0.0,37.38680114692877,0.0,1.7039063372567962,1.7068817495305568,0.00020980917696131866,0.98,0.06123206107329635
2,high,"Positive(s,w_a)",33,37.38680114692877,22.5,34.540900365716986,14.307309388057776,1.5737103598312925,1.5783868121814806,0.00015323442148513431,0.99,0.060259588592191674
2,high,"Positive(s,w_a)",34,37.38680114692877,45.0,26.436460617866327,26.436460617866324,1.596668406951808,1.6029545117781823,0.0001407414531131606,0.99,0.06774413360707317
2,high,"Positive(s,w_a)",35,37.38680114692877,67.5,14.307309388057778,34.540900365716986,1.7363979513540588,1.7416469035805064,0.00019108806927595936,0.97,0.0638285895980661
2,high,"Positive(s,w_a)",36,37.38680114692877,90.0,2.2892813177472453e-15,37.38680114692877,1.8389174925876168,1.8423819496587739,0.00015366515558949982,0.97,0.05328086727322432
2,high,"Positive(s,w_a)",37,37.38680114692877,112.5,-14.307309388057774,34.540900365716986,1.8804211935464614,1.882784450467067,0.0001213704520868492,0.96,0.04634139289768799
2,high,"Positive(s,w_a)",38,37.38680114692877,135.0,-26.436460617866324,26.436460617866327,1.8753076439683767,1.8773382775059784,0.00012725495170279986,0.98,0.04736189727030801
2,high,"Positive(s,w_a)",39,37.38680114692877,157.5,-34.540900365716986,14.30730938805778,1.8210110954459937,1.8232744470517992,0.0001699449827281127,0.98,0.055118821718008644
2,high,"Positive(s,w_a)",40,42.678458852212536,0.0,42.678458852212536,0.0,1.7670259441111955,1.7697497777066749,0.00019435756261335012,0.98,0.059070145960182764
2,high,"Positive(s,w_a)",41,42.678458852212536,22.5,39.429754612684306,16.332339121616943,1.636205515652533,1.6409677317826854,0.00016318754714858303,0.99,0.062243540672097225
2,high,"Positive(s,w_a)",42,42.678458852212536,45.0,30.178227664990523,30.17822766499052,1.6598998499960258,1.6662485652528738,0.00014616683089273725,0.99,0.06917685307826008
2,high,"Positive(s,w_a)",43,42.678458852212536,67.5,16.332339121616947,39.429754612684306,1.7980960623647873,1.8028764617544717,0.00016659841231596724,0.97,0.05983141180867721
2,high,"Positive(s,w_a)",44,42.678458852212536,90.0,2.6133019012952052e-15,42.678458852212536,1.89035644316282,1.8930820001243318,0.00010791833033850878,0.97,0.04487216902740907
2,high,"Positive(s,w_a)",45,42.678458852212536,112.5,-16.33233912161694,39.429754612684306,1.924407773513666,1.926064322671061,7.475349332382665e-05,0.96,0.03649237689274333
2,high,"Positive(s,w_a)",46,42.678458852212536,135.0,-30.17822766499052,30.178227664990523,1.920344120680807,1.921752248460706,8.04226704301571e-05,0.98,0.03772451366616854
2,high,"Positive(s,w_a)",47,42.678458852212536,157.5,-39.429754612684306,16.332339121616947,1.874991064696989,1.8767491778162837,0.00012694602953463254,0.98,0.047740196306717025
2,high,"Positive(s,w_a)",48,47.71923537736118,0.0,47.71923537736118,0.0,1.817667337510279,1.8200617488777724,0.00016845788343655333,0.98,0.05512537214672531
2,high,"Positive(s,w_a)",49,47.71923537736118,22.5,44.086824872232505,18.261360784046197,1.6900951039033054,1.694803202944579,0.00016423543006385127,0.99,0.06250481206175311
2,high,"Positive(s,w_a)",50,47.71923537736118,45.0,33.742594928369094,33.74259492836909,1.7138660247509678,1.720087658442492,0.0001431877058076755,0.99,0.06861825129995199
2,high,"Positive(s,w_a)",51,47.71923537736118,67.5,18.2613607840462,44.086824872232505,1.8463832754486633,1.8505715017016084,0.00013529431543474096,0.97,0.054142949491800235
2,high,"Positive(s,w_a)",52,47.71923537736118,90.0,2.9219604431322252e-15,47.71923537736118,1.9263449545227753,1.9283759344465778,6.95647301223452e-05,0.97,0.036209119144452157
2,high,"Positive(s,w_a)",53,47.71923537736118,112.5,-18.261360784046193,44.086824872232505,1.953046507340183,1.9541243950271443,4.189926423712415e-05,0.96,0.027407339748455693
2,high,"Positive(s,w_a)",54,47.71923537736118,135.0,-33.74259492836909,33.742594928369094,1.9499687821530556,1.9508673763405964,4.6332503770443875e-05,0.98,0.02867977792367734
2,high,"Positive(s,w_a)",55,47.71923537736118,157.5,-44.086824872232505,18.2613607840462,1.9137053192260198,1.9149856726202084,8.741423892146593e-05,0.98,0.039695195728892484
2,high,"Positive(s,w_a)",56,52.907051514897304,0.0,52.907051514897304,0.0,1.8607502639569302,1.8627563693161528,0.00013623595833121035,0.98,0.04970405806023583
2,high,"Positive(s,w_a)",57,52.907051514897304,22.5,48.87974202013389,20.246652070037523,1.7397555672118208,1.7442876209692475,0.00015750836280229694,0.99,0.06127991804206389
2,high,"Positive(s,w_a)",58,52.907051514897304,45.0,37.41093489876989,37.41093489876988,1.763032810940656,1.7689625417207748,0.0001331430429150289,0.99,0.06633535721038973
2,high,"Positive(s,w_a)",59,52.907051514897304,67.5,20.246652070037527,48.87974202013389,1.886349341600365,1.8898563413642377,0.00010156494481466932,0.97,0.04713271593503066
2,high,"Positive(s,w_a)",60,52.907051514897304,90.0,3.2396225645021553e-15,52.907051514897304,1.9526565774241798,1.954059506454643,4.016299623022246e-05,0.97,0.027662477456137067
2,high,"Positive(s,w_a)",61,52.907051514897304,112.5,-20.24665207003752,48.87974202013389,1.972384557505103,1.973008738222631,2.064559617851206e-05,0.96,0.01929633028683175
2,high,"Positive(s,w_a)",62,52.907051514897304,135.0,-37.41093489876988,37.41093489876989,1.970200578610004,1.9707010898575392,2.355313398563644e-05,0.98,0.020472991849660293
2,high,"Positive(s,w_a)",63,52.907051514897304,157.5,-48.87974202013389,20.24665207003753,1.9427965024963305,1.9436438287010633,5.440899624400978e-05,0.98,0.03137714978572473
2,high,"Positive(s,w_a)",64,58.608344115833866,0.0,58.608344115833866,0.0,1.8985625456162243,1.900130256412234,0.0001005327739522305,0.98,0.04282665761022696
2,high,"Positive(s,w_a)",65,58.608344115833866,22.5,54.14704956299722,22.428442291481616,1.787650850384793,1.791875462734194,0.0001429058022715413,0.99,0.05844874452322506
2,high,"Positive(s,w_a)",66,58.608344115833866,45.0,41.442357558420824,41.44235755842082,1.8098173847952248,1.8152793615706593,0.0001163389216333703,0.99,0.062201462545402396
2,high,"Positive(s,w_a)",67,58.608344115833866,67.5,22.42844229148162,54.14704956299722,1.9203073024113027,1.9230614596068218,6.8465848694649e-05,0.97,0.03891724251670093
2,high,"Positive(s,w_a)",68,58.608344115833866,90.0,3.588726051239128e-15,58.608344115833866,1.9719743605803481,1.9728347968931985,1.972356762610893e-05,0.97,0.019502433179751488
2,high,"Positive(s,w_a)",69,58.608344115833866,112.5,-22.428442291481613,54.14704956299722,1.9853156382167392,1.9856093822889977,8.379818561264734e-06,0.96,0.012326356265122343
2,high,"Positive(s,w_a)",70,58.608344115833866,135.0,-41.44235755842082,41.442357558420824,1.983910656968809,1.9841243079379398,9.92562627496783e-06,0.98,0.013297310603496808
2,high,"Positive(s,w_a)",71,58.608344115833866,157.5,-54.14704956299722,22.428442291481623,1.9648552422387602,1.9653302275428788,2.9262085788373843e-05,0.98,0.023051153368410057
2,high,"Positive(s,w_a)",72,65.41974319729482,0.0,65.41974319729482,0.0,1.9324928022467271,1.9335756831488589,6.387278576005254e-05,0.98,0.03426367418172844
2,high,"Positive(s,w_a)",73,65.41974319729482,22.5,60.43996176212517,25.035051871183516,1.8360994644623019,1.8398453897681213,0.00011927263701425724,0.99,0.05349102274629635
2,high,"Positive(s,w_a)",74,65.41974319729482,45.0,46.258744038289684,46.25874403828968,1.8563383578414572,1.8611069836075567,9.236812692121438e-05,0.99,0.05565662597856777
2,high,"Positive(s,w_a)",75,65.41974319729482,67.5,25.03505187118352,60.43996176212517,1.9495516078370163,1.9514900900327878,3.858833615373925e-05,0.97,0.029431468005394253
2,high,"Positive(s,w_a)",76,65.41974319729482,90.0,4.005803955380447e-15,65.41974319729482,1.9858034732106533,1.9862262500581185,7.334894586203981e-06,0.97,0.01197596559861349
2,high,"Positive(s,w_a)",77,65.41974319729482,112.5,-25.035051871183512,60.43996176212517,1.9935435857791184,1.9936270656849888,2.428977081338128e-06,0.96,0.006648522106031538
2,high,"Positive(s,w_a)",78,65.41974319729482,135.0,-46.25874403828968,46.258744038289684,1.9927818363697962,1.9928184826739797,3.0218565715801358e-06,0.98,0.007330267976491183
2,high,"Positive(s,w_a)",79,65.41974319729482,157.5,-60.43996176212517,25.035051871183523,1.9813032875031726,1.9814844186722151,1.2264314852316804e-05,0.98,0.014942978157360167
2,high,"Positive(s,w_a)",80,73.30832234473793,0.0,73.30832234473793,0.0,1.9595128463543263,1.9601401929761706,3.3652296519527745e-05,0.98,0.024977289428909647
2,high,"Positive(s,w_a)",81,73.30832234473793,22.5,67.7280585770432,28.053880415810717,1.8812245064106357,1.8843347327469022,8.921805042209033e-05,0.99,0.04636522291853051
2,high,"Positive(s,w_a)",82,73.30832234473793,45.0,51.836811847373504,51.83681184737349,1.8987074417882166,1.9025906086269524,6.476880898451648e-05,0.99,0.04686228879839992
2,high,"Positive(s,w_a)",83,73.30832234473793,67.5,28.05388041581072,67.7280585770432,1.9716220760341827,1.9728075426918588,1.7421473166018e-05,0.97,0.019955988981766676
2,high,"Positive(s,w_a)",84,73.30832234473793,90.0,4.488840115517285e-15,73.30832234473793,1.994003164169763,1.9941515488780184,1.9492405940204978e-06,0.97,0.006217450364319528
2,high,"Positive(s,w_a)",85,73.30832234473793,112.5,-28.053880415810713,67.7280585770432,1.9977274081926186,1.997722023694732,4.7038519232778057e-07,0.96,0.0029243081135229797
2,high,"Positive(s,w_a)",86,73.30832234473793,135.0,-51.83681184737349,51.836811847373504,1.9973924216035108,1.997362252160232,6.228029688952928e-07,0.98,0.0033149248113655584
2,high,"Positive(s,w_a)",87,73.30832234473793,157.5,-67.7280585770432,28.053880415810728,1.9915882469639992,1.991598375674404,3.796970148392758e-06,0.98,0.00831441516700066
2,high,"Positive(s,w_a)",88,86.7842498671274,0.0,86.7842498671274,0.0,1.9847065795151402,1.9848639003659767,8.622726141779611e-06,0.98,0.012727224794146796
2,high,"Positive(s,w_a)",89,86.7842498671274,22.5,80.17819219658436,33.2108946143819,1.9352078208265917,1.937234285578115,4.5182466708861745e-05,0.99,0.03313012068732381
2,high,"Positive(s,w_a)",90,86.7842498671274,45.0,61.365731581233526,61.36573158123352,1.9476007557540487,1.950041648795386,2.8886105434852124e-05,0.99,0.03164136209794294
2,high,"Positive(s,w_a)",91,86.7842498671274,67.5,33.21089461438191,80.17819219658436,1.990540112737547,1.990949884838988,3.301616206930463e-06,0.97,0.008829894472688496
2,high,"Positive(s,w_a)",92,86.7842498671274,90.0,5.3140026908090844e-15,86.7842498671274,1.9988584587926288,1.9988611496968367,1.3358816437550257e-07,0.97,0.0016394057424881914
2,high,"Positive(s,w_a)",93,86.7842498671274,112.5,-33.21089461438189,80.17819219658436,1.999697480938588,1.9996812952482401,1.7579566803754642e-08,0.96,0.0005599773887847004
2,high,"Positive(s,w_a)",94,86.7842498671274,135.0,-61.36573158123352,61.365731581233526,1.9996347388133653,1.9996109403199092,2.6202013545630262e-08,0.98,0.0006695583861641086
2,high,"Positive(s,w_a)",95,86.7842498671274,157.5,-80.17819219658436,33.21089461438191,1.99818825827851,1.9981388451230102,3.489168421305212e-07,0.98,0.0025066736763732634
