pi_true,seed,method,pilot_u_context,pilot_status,score_context,pi_post_mean,pi_post_sd,exact_pi_post_sd,q05,q50,q95,pi_sq_err,mean_sq_err_to_exact,w1_to_exact,coverage90
0.07,100,exact likelihood grid,-1.9839003734198866,interior,nan,0.16199571270321814,0.06640194018441756,0.06640194018441756,0.06978468227151578,0.1529565616581418,0.28477049275632427,0.008463211155773049,0.0,0.0,1.0
0.07,100,direct amortized raw-FSM pilot+score NPE,-1.9839003734198866,interior,0.09066624939441681,0.19933733344078064,0.09612731635570526,0.06640194018441756,0.07423384413123131,0.18187106400728226,0.3791146948933602,0.01672814582157167,0.001394396639307958,0.03740833609174459,0.0
0.07,101,exact likelihood grid,-2.9444389791664403,left_boundary,nan,0.09846278465267115,0.04253039689880484,0.04253039689880484,0.05296990083240185,0.08699928946914476,0.18294581122671202,0.000810130110184332,0.0,0.0,1.0
0.07,101,direct amortized raw-FSM pilot+score NPE,-2.9444389791664403,left_boundary,0.05788680911064148,0.12382696568965912,0.06337424367666245,0.04253039689880484,0.05899263806641102,0.1070198118686676,0.25420241951942457,0.002897342235355739,0.0006433416796771,0.025430874745161473,1.0
0.07,102,exact likelihood grid,-2.265046852577959,interior,nan,0.16510238064512703,0.06752922338312285,0.06752922338312285,0.07129010812544923,0.1559038528623568,0.2899659043803365,0.00904446280437063,0.0,0.0,0.0
0.07,102,direct amortized raw-FSM pilot+score NPE,-2.265046852577959,interior,0.12881919741630554,0.17736312747001648,0.086038738489151,0.06752922338312285,0.07043787352740764,0.15978795289993286,0.3392011553049088,0.011526841140143006,0.00015032591270403676,0.014148776194980103,0.0
0.07,103,exact likelihood grid,-2.9444389791664403,left_boundary,nan,0.07965165727968436,0.029001650467625328,0.029001650467625328,0.05143126494630414,0.07080039005478354,0.13778779316340856,9.315448824448397e-05,0.0,0.0,1.0
0.07,103,direct amortized raw-FSM pilot+score NPE,-2.9444389791664403,left_boundary,0.17133104801177979,0.12571808695793152,0.06643454730510712,0.029001650467625328,0.05767610520124435,0.10722732916474342,0.2611059173941612,0.0031045052142516178,0.0021221159433008905,0.04613278702437352,1.0
0.07,104,exact likelihood grid,-2.9444389791664403,left_boundary,nan,0.09453071719306991,0.039342512984450566,0.039342512984450566,0.05267412738756153,0.08382748868603071,0.17274804117652923,0.0006017560860063753,0.0,0.0,1.0
0.07,104,direct amortized raw-FSM pilot+score NPE,-2.9444389791664403,left_boundary,0.05022113025188446,0.12316135317087173,0.06353145837783813,0.039342512984450566,0.0587744664400816,0.10515965521335602,0.251526290178299,0.0028261294709581537,0.0008197133164934004,0.02869720688431109,1.0
0.07,105,exact likelihood grid,-2.9444389791664403,left_boundary,nan,0.08354993845211786,0.03265792438233137,0.03265792438233137,0.05164456755267191,0.07361926699970214,0.14907108445202147,0.000183600832056182,0.0,0.0,1.0
0.07,105,direct amortized raw-FSM pilot+score NPE,-2.9444389791664403,left_boundary,-0.1066041886806488,0.12281015515327454,0.06311556696891785,0.03265792438233137,0.057254673540592195,0.10607726871967316,0.2500790119171143,0.0027889124873129285,0.0015413646154217816,0.0393267527278018,1.0
0.07,106,exact likelihood grid,-1.9078127825248905,interior,nan,0.17584806459322777,0.06698662220706482,0.06698662220706482,0.0799102052248581,0.16800914249507562,0.2980203408674533,0.011203812778132117,0.0,0.0,0.0
0.07,106,direct amortized raw-FSM pilot+score NPE,-1.9078127825248905,interior,0.3046781122684479,0.20128034055233002,0.09575741738080978,0.06698662220706482,0.07541642412543298,0.18360183387994766,0.38658488541841507,0.017234527815535743,0.0006468006604599301,0.0269903288670598,0.0
0.07,107,exact likelihood grid,-1.550379405132877,interior,nan,0.13319266929319684,0.05639712889818245,0.05639712889818245,0.060259905678497844,0.123258903833983,0.24008654527187395,0.003993313452399342,0.0,0.0,1.0
0.07,107,direct amortized raw-FSM pilot+score NPE,-1.550379405132877,interior,0.17626863718032837,0.23798808455467224,0.11040014028549194,0.05639712889818245,0.0837313137948513,0.2227177396416664,0.4453662484884262,0.028219996552347706,0.01098207905982507,0.10486213651280095,0.0
0.07,108,exact likelihood grid,-2.9444389791664403,left_boundary,nan,0.11850461390207905,0.05115147023425422,0.05115147023425422,0.056276422520651403,0.10788303169328321,0.21717258348856588,0.002352697569789759,0.0,0.0,1.0
0.07,108,direct amortized raw-FSM pilot+score NPE,-2.9444389791664403,left_boundary,-0.14624181389808655,0.12297442555427551,0.06449028849601746,0.05115147023425422,0.057146314345300195,0.10428370535373688,0.25517544150352484,0.0028062897628054776,1.9979216206111316e-05,0.008696215524488803,1.0
0.07,109,exact likelihood grid,-2.806435097562769,interior,nan,0.14261276451011906,0.060559558600485314,0.060559558600485314,0.0626291292114266,0.1326243378237185,0.25667123396633407,0.005272613569802006,0.0,0.0,1.0
0.07,109,direct amortized raw-FSM pilot+score NPE,-2.806435097562769,interior,-0.14421404898166656,0.13096493482589722,0.06821689009666443,0.060559558600485314,0.05925179496407509,0.11322370916604996,0.26909914165735244,0.0037167232783258944,0.00013567193635263954,0.014900990741632814,1.0
0.1,100,exact likelihood grid,-1.9838882074977162,interior,nan,0.1619910591712785,0.06639983411787068,0.06639983411787068,0.06978323830745468,0.15295207771819402,0.2847620916268765,0.003842891417176953,0.0,0.0,1.0
0.1,100,direct amortized raw-FSM pilot+score NPE,-1.9838882074977162,interior,0.0904073417186737,0.199337437748909,0.09612837433815002,0.06639983411787068,0.0742313127964735,0.18187079578638077,0.3791146665811539,0.00986792653851837,0.0013947519928636971,0.037413099707520214,1.0
0.1,101,exact likelihood grid,-2.4683713256785453,interior,nan,0.1459486603200323,0.06263351440289287,0.06263351440289287,0.06326539953190595,0.13559327575026114,0.26394556230032196,0.002111279385205709,0.0,0.0,1.0
0.1,101,direct amortized raw-FSM pilot+score NPE,-2.4683713256785453,interior,0.07233628630638123,0.15933358669281006,0.07925979048013687,0.06263351440289287,0.06666669361293316,0.14274656772613525,0.31366879940032966,0.003520474509833206,0.00017915625400468193,0.013727750597793827,1.0
0.1,102,exact likelihood grid,-1.6822309579679835,interior,nan,0.2634011333726914,0.08319071314052129,0.08319071314052129,0.13809735413053403,0.2568880055936657,0.4106177490174676,0.026699930387480076,0.0,0.0,0.0
0.1,102,direct amortized raw-FSM pilot+score NPE,-1.6822309579679835,interior,0.02566707879304886,0.2285255640745163,0.10664626210927963,0.08319071314052129,0.08287609666585923,0.212669238448143,0.4239866808056832,0.016518820620672593,0.001216305333871813,0.039065770285917414,1.0
0.1,103,exact likelihood grid,-2.9444389791664403,left_boundary,nan,0.07960997457726851,0.028961002737813258,0.028961002737813258,0.051429073862265466,0.07077106145536079,0.13766453017617755,0.0004157531367396367,0.0,0.0,1.0
0.1,103,direct amortized raw-FSM pilot+score NPE,-2.9444389791664403,left_boundary,0.17278257012367249,0.12580299377441406,0.06658923625946045,0.028961002737813258,0.05767807755619288,0.1072642058134079,0.26118423193693163,0.0006657944877224506,0.0021337950225478576,0.04625936797523773,1.0
0.1,104,exact likelihood grid,-2.9444389791664403,left_boundary,nan,0.09453071719306991,0.039342512984450566,0.039342512984450566,0.05267412738756153,0.08382748868603071,0.17274804117652923,2.991305442218117e-05,0.0,0.0,1.0
0.1,104,direct amortized raw-FSM pilot+score NPE,-2.9444389791664403,left_boundary,0.05022113025188446,0.12316135317087173,0.06353145837783813,0.039342512984450566,0.0587744664400816,0.10515965521335602,0.251526290178299,0.0005364482807058499,0.0008197133164934004,0.02869720688431109,1.0
0.1,105,exact likelihood grid,-2.9444389791664403,left_boundary,nan,0.08354993845211786,0.03265792438233137,0.03265792438233137,0.05164456755267191,0.07361926699970214,0.14907108445202147,0.0002706045249291107,0.0,0.0,1.0
0.1,105,direct amortized raw-FSM pilot+score NPE,-2.9444389791664403,left_boundary,-0.1066041886806488,0.12281015515327454,0.06311556696891785,0.03265792438233137,0.057254673540592195,0.10607726871967316,0.2500790119171143,0.0005203031781164567,0.0015413646154217816,0.0393267527278018,1.0
0.1,106,exact likelihood grid,-1.8802535767237614,interior,nan,0.18599383849482193,0.07018734380865448,0.07018734380865448,0.08464488858550913,0.17818026535211048,0.3134810729578741,0.007394940259073517,0.0,0.0,1.0
0.1,106,direct amortized raw-FSM pilot+score NPE,-1.8802535767237614,interior,0.3033878803253174,0.20318478345870972,0.09635491669178009,0.07018734380865448,0.07570582181215287,0.18576599657535553,0.38882023245096214,0.010647099537420813,0.0002955285887514189,0.021058830752895923,1.0
0.1,107,exact likelihood grid,-1.192993788909009,interior,nan,0.18884383142301794,0.07027294923240585,0.07027294923240585,0.08741763507377459,0.18101751101588548,0.31647092586034453,0.00789322638192163,0.0,0.0,1.0
0.1,107,direct amortized raw-FSM pilot+score NPE,-1.192993788909009,interior,0.10434842109680176,0.2830532491207123,0.11872170865535736,0.07027294923240585,0.10826692134141921,0.2735675573348999,0.5007011026144029,0.03350849201364955,0.008875414382938642,0.09427615463919478,0.0
0.1,108,exact likelihood grid,-2.9444389791664403,left_boundary,nan,0.1426076737825841,0.05971971391035383,0.05971971391035383,0.06296083570985017,0.13310499022203284,0.25465572596580677,0.001815413865163104,0.0,0.0,1.0
0.1,108,direct amortized raw-FSM pilot+score NPE,-2.9444389791664403,left_boundary,-0.09589328616857529,0.12310691177845001,0.0638468861579895,0.05971971391035383,0.057801499217748645,0.10454531759023666,0.2548821672797203,0.0005339293719370717,0.0003802797187418797,0.020555082956328546,1.0
0.1,109,exact likelihood grid,-2.806435097562769,interior,nan,0.14261276451011906,0.060559558600485314,0.060559558600485314,0.0626291292114266,0.1326243378237185,0.25667123396633407,0.0018158476991948622,0.0,0.0,1.0
0.1,109,direct amortized raw-FSM pilot+score NPE,-2.806435097562769,interior,-0.14421404898166656,0.13096493482589722,0.06821689009666443,0.060559558600485314,0.05925179496407509,0.11322370916604996,0.26909914165735244,0.000958827188772062,0.00013567193635263954,0.014900990741632814,1.0
0.3,100,exact likelihood grid,-1.6200823922780003,interior,nan,0.27823829698204466,0.08481298127439783,0.08481298127439783,0.14882659861285152,0.2724518212219317,0.42707917493940556,0.0004735717182416859,0.0,0.0,1.0
0.3,100,direct amortized raw-FSM pilot+score NPE,-1.6200823922780003,interior,0.12084318697452545,0.23243100941181183,0.11032262444496155,0.08481298127439783,0.08035265170037746,0.21788200736045837,0.4338095754384995,0.0045655684891066604,0.0020983075945420074,0.049074249799181964,1.0
0.3,101,exact likelihood grid,-0.8780671102943832,interior,nan,0.3503697201065057,0.09569708915559326,0.09569708915559326,0.20171322902288327,0.34516832481118115,0.5167533992014791,0.0025371087036077248,0.0,0.0,1.0
0.3,101,direct amortized raw-FSM pilot+score NPE,-0.8780671102943832,interior,0.1308090090751648,0.33640405535697937,0.12292061746120453,0.09569708915559326,0.1468309186398983,0.32751430571079254,0.5576854258775712,0.0013252552464340193,0.00019503979189616202,0.02667748462523445,1.0
0.3,102,exact likelihood grid,-0.8357192843902291,interior,nan,0.40191269674079444,0.09430518661997984,0.09430518661997984,0.2527369994752911,0.39813848255668455,0.5642952745864422,0.010386197756981136,0.0,0.0,1.0
0.3,102,direct amortized raw-FSM pilot+score NPE,-0.8357192843902291,interior,-0.028730101883411407,0.3474251329898834,0.12485332787036896,0.09430518661997984,0.14981135800480844,0.3436126410961151,0.5701816499233247,0.00224914323910813,0.0029688946035095923,0.05578359607209179,1.0
0.3,103,exact likelihood grid,-1.547159200271961,interior,nan,0.21618540307833123,0.07385089182249499,0.07385089182249499,0.10729129646895168,0.20917358932531574,0.3486069677383823,0.007024886657141806,0.0,0.0,1.0
0.3,103,direct amortized raw-FSM pilot+score NPE,-1.547159200271961,interior,0.145429790019989,0.24040527641773224,0.11197645962238312,0.07385089182249499,0.08308790326118469,0.22799959778785706,0.4487040624022484,0.0035515310788469,0.0005866022645766278,0.03424877224951382,1.0
0.3,104,exact likelihood grid,0.3284452620230028,interior,nan,0.3576915696968074,0.08832766608788102,0.08832766608788102,0.21969257169296252,0.3533559267481311,0.5103059962472744,0.0033283172140815844,0.0,0.0,1.0
0.3,104,direct amortized raw-FSM pilot+score NPE,0.3284452620230028,interior,-0.10295798629522324,0.5356122851371765,0.10129568725824356,0.08832766608788102,0.3535985752940178,0.5483524203300476,0.6768485635519028,0.055513148907562176,0.03165578098281281,0.17798527848915968,0.0
0.3,105,exact likelihood grid,-2.2679952460368242,interior,nan,0.19502355032783908,0.07900053904568383,0.07900053904568383,0.08216524766986472,0.18566673174527643,0.339347455009102,0.011020054985771733,0.0,0.0,1.0
0.3,105,direct amortized raw-FSM pilot+score NPE,-2.2679952460368242,interior,-0.33172062039375305,0.16947799921035767,0.08426107466220856,0.07900053904568383,0.06709343492984772,0.1521633043885231,0.33343349546194084,0.017035992690131393,0.0006525751818958559,0.02592812368821962,1.0
0.3,106,exact likelihood grid,-1.695343217756344,interior,nan,0.23145227285175293,0.07829834958096224,0.07829834958096224,0.11478236136022786,0.22462823488671457,0.37101524876484215,0.004698790897190526,0.0,0.0,1.0
0.3,106,direct amortized raw-FSM pilot+score NPE,-1.695343217756344,interior,0.3758159577846527,0.21729853749275208,0.10085429251194,0.07829834958096224,0.08084187135100365,0.20038295537233353,0.40855510532855993,0.006839531900837733,0.00020032822461263112,0.024403939654469478,1.0
0.3,107,exact likelihood grid,-0.6038553459403679,interior,nan,0.31138634027123574,0.08483208618743872,0.08483208618743872,0.18120971707273517,0.3060032683235913,0.45966281131703346,0.00012964874477236504,0.0,0.0,1.0
0.3,107,direct amortized raw-FSM pilot+score NPE,-0.6038553459403679,interior,0.29806646704673767,0.3875758647918701,0.12905913591384888,0.08483208618743872,0.18349410519003867,0.38246263563632965,0.6134152114391327,0.007669532094043918,0.005804843646680347,0.07725899179578576,1.0
0.3,108,exact likelihood grid,-1.4980541557387799,interior,nan,0.28332389215332504,0.08368126425730318,0.08368126425730318,0.1559300451465895,0.2774808030009709,0.4303629994338166,0.00027809257291393376,0.0,0.0,1.0
0.3,108,direct amortized raw-FSM pilot+score NPE,-1.4980541557387799,interior,-0.2095276266336441,0.2365090399980545,0.11032368242740631,0.08368126425730318,0.08036757856607438,0.22215693444013596,0.43852955251932146,0.004031102001968641,0.0021916303823198385,0.04973655397447685,1.0
0.3,109,exact likelihood grid,-0.789911784417268,interior,nan,0.30773430518665507,0.08697765233785458,0.08697765233785458,0.1740237679841861,0.3023314967469954,0.4596098560185298,5.981947672031963e-05,0.0,0.0,1.0
0.3,109,direct amortized raw-FSM pilot+score NPE,-0.789911784417268,interior,0.10012072324752808,0.3495451807975769,0.12528610229492188,0.08697765233785458,0.15575890988111496,0.3415769338607788,0.5700661420822144,0.002454724940264584,0.0017481493193519785,0.046072162927705225,1.0
0.5,100,exact likelihood grid,-0.5599520531387373,interior,nan,0.5056881183317793,0.09150352481892719,0.09150352481892719,0.35131860228835954,0.5073320593253068,0.6546043491389395,3.235469015632362e-05,0.0,0.0,1.0
0.5,100,direct amortized raw-FSM pilot+score NPE,-0.5599520531387373,interior,0.16377568244934082,0.39053595066070557,0.12540754675865173,0.09150352481892719,0.18958770483732224,0.38693349063396454,0.6103793621063233,0.011982378097755486,0.013260021719347077,0.11508813313879473,1.0
0.5,101,exact likelihood grid,0.37128227075261594,interior,nan,0.533973029840678,0.08908650352739585,0.08908650352739585,0.3790904298491521,0.5386338086207232,0.6717771287482991,0.0011541667565555952,0.0,0.0,1.0
0.5,101,direct amortized raw-FSM pilot+score NPE,0.37128227075261594,interior,-0.10869573056697845,0.5416646599769592,0.09981399029493332,0.08908650352739585,0.362946654856205,0.5544189214706421,0.6801582247018815,0.0017359438909956282,5.9161174153350213e-05,0.013636792372068617,1.0
0.5,102,exact likelihood grid,-0.10530270570785327,interior,nan,0.5563729813617538,0.08446923612990319,0.08446923612990319,0.4055982697367042,0.563638538939778,0.6805019900823354,0.0031779130276126458,0.0,0.0,1.0
0.5,102,direct amortized raw-FSM pilot+score NPE,-0.10530270570785327,interior,0.09838664531707764,0.4729108512401581,0.12246891856193542,0.08446923612990319,0.26277812421321867,0.4777432829141617,0.6662473917007447,0.000733821980532845,0.006965927164434182,0.08339824916827838,1.0
0.5,103,exact likelihood grid,-1.1452889880997426,interior,nan,0.3140863866482148,0.08656323354684264,0.08656323354684264,0.18128585460368338,0.30857332063407794,0.4654449461499483,0.03456387162951708,0.0,0.0,0.0
0.5,103,direct amortized raw-FSM pilot+score NPE,-1.1452889880997426,interior,0.22302460670471191,0.2864978313446045,0.1193213164806366,0.08656323354684264,0.10859150812029839,0.2778618037700653,0.5041080117225647,0.04558317602055695,0.000761128383740365,0.03685014169548997,1.0
0.5,104,exact likelihood grid,0.8472978603872034,right_boundary,nan,0.5358355142144946,0.08516199319415804,0.08516199319415804,0.38876030142276335,0.5395904809321576,0.6693670688348817,0.0012841840790172446,0.0,0.0,1.0
0.5,104,direct amortized raw-FSM pilot+score NPE,0.8472978603872034,right_boundary,-0.12196362018585205,0.5976564288139343,0.07733103632926941,0.08516199319415804,0.4450740456581116,0.6153563857078552,0.6882788807153701,0.009536778088691023,0.0038218254819112197,0.06190343481636826,1.0
0.5,105,exact likelihood grid,-0.3980917146755322,interior,nan,0.5673422033434455,0.0817909298102161,0.0817909298102161,0.41917153686116765,0.5760263070173464,0.6839098212378502,0.004534972351149968,0.0,0.0,1.0
0.5,105,direct amortized raw-FSM pilot+score NPE,-0.3980917146755322,interior,-0.13658718764781952,0.41693246364593506,0.12560075521469116,0.0817909298102161,0.209954684227705,0.4140721410512924,0.6324810266494751,0.006900215595933901,0.02262308979587286,0.1503458904154229,1.0
0.5,106,exact likelihood grid,-1.457590205301913,interior,nan,0.2962600538077351,0.08501647846416607,0.08501647846416607,0.1660453487040232,0.2907329175500628,0.44504913986634276,0.04150996567442699,0.0,0.0,0.0
0.5,106,direct amortized raw-FSM pilot+score NPE,-1.457590205301913,interior,0.3379342555999756,0.240462988615036,0.10800481587648392,0.08501647846416607,0.08842835351824761,0.2249423786997795,0.4402650609612465,0.06735946027863893,0.003113312484118315,0.05742354816084214,0.0
0.5,107,exact likelihood grid,-0.059487903014385723,interior,nan,0.43652010723620216,0.09307848621758297,0.09307848621758297,0.2868326383952797,0.4340589409962697,0.5952204522708087,0.004029696785303273,0.0,0.0,1.0
0.5,107,direct amortized raw-FSM pilot+score NPE,-0.059487903014385723,interior,0.1798376441001892,0.47653985023498535,0.12017562240362167,0.09307848621758297,0.26884626001119616,0.4838556796312332,0.6649979382753373,0.0005503786269969169,0.0016015798296886562,0.04428815901151916,1.0
0.5,108,exact likelihood grid,-0.7532461436916186,interior,nan,0.4105182437096413,0.09532716950292365,0.09532716950292365,0.2587060283235404,0.40723294247675695,0.5739638995666984,0.00800698470880715,0.0,0.0,1.0
0.5,108,direct amortized raw-FSM pilot+score NPE,-0.7532461436916186,interior,-0.11554425954818726,0.35500821471214294,0.12608744204044342,0.09532716950292365,0.15659395456314087,0.34876246750354767,0.5766173988580704,0.02102261780096004,0.0030813633193031075,0.05648544863464152,1.0
0.5,109,exact likelihood grid,0.6592922200394776,interior,nan,0.5467760171206741,0.08261669987535476,0.08261669987535476,0.4025359122749663,0.5514931993724415,0.6738669905316242,0.0021879957776736003,0.0,0.0,1.0
0.5,109,direct amortized raw-FSM pilot+score NPE,0.6592922200394776,interior,-0.04569645971059799,0.5743550658226013,0.08867519348859787,0.08261669987535476,0.4057872250676155,0.5916226506233215,0.6857607305049896,0.005528675813483375,0.0007606039273032712,0.028936987289816914,1.0
0.65,100,exact likelihood grid,0.3978640578098555,interior,nan,0.5494603762385424,0.08343765262656104,0.08343765262656104,0.40292872540178254,0.5548548308133515,0.676214220274997,0.010108215946095457,0.0,0.0,1.0
0.65,100,direct amortized raw-FSM pilot+score NPE,0.3978640578098555,interior,0.03170190751552582,0.5439020395278931,0.10043562948703766,0.08343765262656104,0.3561373740434647,0.5566970407962799,0.6812371402978897,0.01125677721634077,3.089510698895184e-05,0.013234767189132527,1.0
0.65,101,exact likelihood grid,0.6075492375374517,interior,nan,0.543541572276835,0.08738918772552,0.08738918772552,0.3900028875543967,0.5492667423201013,0.6759846157463955,0.011333396833288358,0.0,0.0,1.0
0.65,101,direct amortized raw-FSM pilot+score NPE,0.6075492375374517,interior,-0.16771629452705383,0.5707281231880188,0.08962130546569824,0.08738918772552,0.4028802290558815,0.5865333676338196,0.6855787962675095,0.006284030453293926,0.0007391085504463901,0.027523051525555706,1.0
0.65,102,exact likelihood grid,0.5993401085179028,interior,nan,0.6287138724442078,0.05745928003793409,0.05745928003793409,0.5154920564347948,0.6422617094523195,0.6950973038372689,0.00045309922632145506,0.0,0.0,1.0
0.65,102,direct amortized raw-FSM pilot+score NPE,0.5993401085179028,interior,0.05913707613945007,0.5664166808128357,0.09262898564338684,0.05745928003793409,0.39053467810153963,0.5847528278827667,0.6846265763044358,0.006986171246343393,0.0038809400851559043,0.062233470903543864,1.0
0.65,103,exact likelihood grid,-0.47083143197850036,interior,nan,0.6045206221820112,0.06859264965063042,0.06859264965063042,0.4739937191339849,0.6168149078651705,0.6917870242380878,0.0020683738067113744,0.0,0.0,1.0
0.65,103,direct amortized raw-FSM pilot+score NPE,-0.47083143197850036,interior,0.07183624804019928,0.4029652774333954,0.12784503400325775,0.06859264965063042,0.19681984707713127,0.40090511739254,0.623333066701889,0.061026154153559324,0.04062455699673337,0.20149156851201674,0.0
0.65,104,exact likelihood grid,-0.3054651285580647,interior,nan,0.5635295919440354,0.08206662742383002,0.08206662742383002,0.41599704507959656,0.5713702875498958,0.6824089812048599,0.007477131469365031,0.0,0.0,1.0
0.65,104,direct amortized raw-FSM pilot+score NPE,-0.3054651285580647,interior,0.013776898384094238,0.43647632002830505,0.12467321008443832,0.08206662742383002,0.23162009045481682,0.43785911798477173,0.6480336576700211,0.04559236190865481,0.016142533904492513,0.12698934406512025,0.0
0.65,105,exact likelihood grid,0.8472978603872034,right_boundary,nan,0.6485933942292884,0.04395472828759764,0.04395472828759764,0.5608496898230853,0.6600501085649819,0.6967780067736367,1.9785397941992047e-06,0.0,0.0,1.0
0.65,105,direct amortized raw-FSM pilot+score NPE,0.8472978603872034,right_boundary,-0.04984996095299721,0.5960950255393982,0.07928784936666489,0.04395472828759764,0.43874419033527373,0.6139045357704163,0.689899542927742,0.0029057462715981353,0.0027560787150996456,0.05243464261396749,1.0
0.65,106,exact likelihood grid,0.8472978603872034,right_boundary,nan,0.640605453958244,0.04953665584362904,0.04953665584362904,0.5422062640878631,0.6530209941496165,0.6961336807082187,8.82574953306742e-05,0.0,0.0,1.0
0.65,106,direct amortized raw-FSM pilot+score NPE,0.8472978603872034,right_boundary,0.019007600843906403,0.5941941142082214,0.08002796024084091,0.04953665584362904,0.436780546605587,0.6115153431892395,0.6895566493272781,0.0031142968890050353,0.002154012457392022,0.04634768500660711,1.0
0.65,107,exact likelihood grid,0.8472978603872034,right_boundary,nan,0.640477682651236,0.04960073863087666,0.04960073863087666,0.5419627958758393,0.6528932415684052,0.6961216560909974,9.067452769057329e-05,0.0,0.0,1.0
0.65,107,direct amortized raw-FSM pilot+score NPE,0.8472978603872034,right_boundary,0.6162985563278198,0.5948286652565002,0.07872337102890015,0.04960073863087666,0.44270389080047606,0.61330845952034,0.6903616070747376,0.0030438761773793057,0.002083832789104883,0.04558527277192757,1.0
0.65,108,exact likelihood grid,0.8472978603872034,right_boundary,nan,0.6219003852461686,0.05962464358727062,0.05962464358727062,0.5062800595057382,0.6343874171647508,0.6940356564570657,0.0007895883493137382,0.0,0.0,1.0
0.65,108,direct amortized raw-FSM pilot+score NPE,0.8472978603872034,right_boundary,0.2176152467727661,0.5941233038902283,0.08045987039804459,0.05962464358727062,0.4374799966812134,0.613164097070694,0.6903862953186035,0.0031222051681437813,0.0007715662486545301,0.027713357126786093,1.0
0.65,109,exact likelihood grid,0.8472978603872034,right_boundary,nan,0.5965787096325956,0.07076560388680948,0.07076560388680948,0.4640286089409854,0.6075405358838958,0.690124336698991,0.002853834264518534,0.0,0.0,1.0
0.65,109,direct amortized raw-FSM pilot+score NPE,0.8472978603872034,right_boundary,-0.1077495664358139,0.5958660840988159,0.07898630946874619,0.07076560388680948,0.43825930953025816,0.615090548992157,0.6887303113937377,0.0029304808507964733,5.078351513948157e-07,0.006756639848823613,1.0
0.68,100,exact likelihood grid,0.5070388795541755,interior,nan,0.571822242722553,0.07811289057207395,0.07811289057207395,0.4307953103416394,0.579742772891319,0.6839613775746562,0.011702427169578249,0.0,0.0,1.0
0.68,100,direct amortized raw-FSM pilot+score NPE,0.5070388795541755,interior,-0.008658461272716522,0.5565745234489441,0.09533238410949707,0.07811289057207395,0.37805540263652804,0.5704317688941956,0.6829417556524277,0.015233848261855264,0.0002324929430467845,0.015542196439686852,1.0
0.68,101,exact likelihood grid,0.8472978603872034,right_boundary,nan,0.5675998934530935,0.08143145617541321,0.08143145617541321,0.4202752568352301,0.576110533417903,0.6839056402135044,0.012633783951755951,0.0,0.0,1.0
0.68,101,direct amortized raw-FSM pilot+score NPE,0.8472978603872034,right_boundary,-0.12549208104610443,0.5967201590538025,0.07837933301925659,0.08143145617541321,0.4447973400354385,0.6150559782981873,0.6901082187891007,0.006935531908023963,0.0008479898686558369,0.029207688295689344,1.0
0.68,102,exact likelihood grid,0.5993401085179028,interior,nan,0.6287138724442078,0.05745928003793409,0.05745928003793409,0.5154920564347948,0.6422617094523195,0.6950973038372689,0.0026302668796689883,0.0,0.0,1.0
0.68,102,direct amortized raw-FSM pilot+score NPE,0.5993401085179028,interior,0.05913707613945007,0.5664166808128357,0.09262898564338684,0.05745928003793409,0.39053467810153963,0.5847528278827667,0.6846265763044358,0.012901170397573259,0.0038809400851559043,0.062233470903543864,1.0
0.68,103,exact likelihood grid,-0.4286095225611646,interior,nan,0.6213391206760067,0.0608716342474304,0.0608716342474304,0.502804531848205,0.6344993113406702,0.6941620946200804,0.0034410987630641085,0.0,0.0,1.0
0.68,103,direct amortized raw-FSM pilot+score NPE,-0.4286095225611646,interior,0.10212677717208862,0.4123685657978058,0.12705914676189423,0.0608716342474304,0.20584400072693826,0.41064582765102386,0.6317634075880052,0.07162658457312343,0.043668692806103186,0.20890686834005487,0.0
0.68,104,exact likelihood grid,-0.3054651285580647,interior,nan,0.5635295919440354,0.08206662742383002,0.08206662742383002,0.41599704507959656,0.5713702875498958,0.6824089812048599,0.013565355952722914,0.0,0.0,1.0
0.68,104,direct amortized raw-FSM pilot+score NPE,-0.3054651285580647,interior,0.013776898384094238,0.43647632002830505,0.12467321008443832,0.08206662742383002,0.23162009045481682,0.43785911798477173,0.6480336576700211,0.05930378270695652,0.016142533904492513,0.12698934406512025,0.0
0.68,105,exact likelihood grid,0.8472978603872034,right_boundary,nan,0.6583019943912701,0.037158200155610964,0.037158200155610964,0.5836352368881619,0.6685534946075173,0.6975397877753694,0.00047080344739647506,0.0,0.0,1.0
0.68,105,direct amortized raw-FSM pilot+score NPE,0.8472978603872034,right_boundary,0.05781683325767517,0.5952680706977844,0.07973811030387878,0.037158200155610964,0.43762218803167346,0.6128484904766083,0.690427827835083,0.007179499843275667,0.003973275536196179,0.06297016337970694,1.0
0.68,106,exact likelihood grid,0.8472978603872034,right_boundary,nan,0.640605453958244,0.04953665584362904,0.04953665584362904,0.5422062640878631,0.6530209941496165,0.6961336807082187,0.0015519302578360392,0.0,0.0,1.0
0.68,106,direct amortized raw-FSM pilot+score NPE,0.8472978603872034,right_boundary,0.019007600843906403,0.5941941142082214,0.08002796024084091,0.04953665584362904,0.436780546605587,0.6115153431892395,0.6895566493272781,0.007362650036511755,0.002154012457392022,0.04634768500660711,1.0
0.68,107,exact likelihood grid,0.8472978603872034,right_boundary,nan,0.640477682651236,0.04960073863087666,0.04960073863087666,0.5419627958758393,0.6528932415684052,0.6961216560909974,0.00156201356861642,0.0,0.0,1.0
0.68,107,direct amortized raw-FSM pilot+score NPE,0.8472978603872034,right_boundary,0.6162985563278198,0.5948286652565002,0.07872337102890015,0.04960073863087666,0.44270389080047606,0.61330845952034,0.6903616070747376,0.007254156261989297,0.002083832789104883,0.04558527277192757,1.0
0.68,108,exact likelihood grid,0.8472978603872034,right_boundary,nan,0.6219003852461686,0.05962464358727062,0.05962464358727062,0.5062800595057382,0.6343874171647508,0.6940356564570657,0.003375565234543624,0.0,0.0,1.0
0.68,108,direct amortized raw-FSM pilot+score NPE,0.8472978603872034,right_boundary,0.2176152467727661,0.5941233038902283,0.08045987039804459,0.05962464358727062,0.4374799966812134,0.613164097070694,0.6903862953186035,0.007374806934730091,0.0007715662486545301,0.027713357126786093,1.0
0.68,109,exact likelihood grid,0.8472978603872034,right_boundary,nan,0.6079640412861169,0.06611926095697533,0.06611926095697533,0.48215047543022665,0.6198106358773584,0.6920777401077944,0.005189179347828275,0.0,0.0,1.0
0.68,109,direct amortized raw-FSM pilot+score NPE,0.8472978603872034,right_boundary,-0.127670019865036,0.5960620045661926,0.0789114385843277,0.06611926095697533,0.4388242945075035,0.6154456436634064,0.6888389319181443,0.007045587077445876,0.00014165847808242618,0.011838274337006606,1.0
