pi_true,seed,method,pilot_u_context,pilot_pi_context,pilot_status,score_context,pi_post_mean,pi_post_sd,q05,q50,q95,pi_sq_err,mean_sq_err_to_exact,w1_to_exact,coverage90
0.07,100,exact likelihood grid,-1.9839004465880161,0.1209036617851989,interior,nan,0.16199571270321814,0.06640194018441756,0.06978468227151578,0.1529565616581418,0.28477049275632427,0.008463211155773049,0.0,0.0,1.0
0.07,100,pilot-only NPE,-1.9839004278182983,0.1209036637801565,interior,nan,0.19704937934875488,0.09659876674413681,0.06980961151421071,0.1794476881623268,0.3785138711333275,0.016141544792903823,0.0012287595452964155,0.03512161118723428,1.0
0.07,100,linear FSM pilot+score NPE,-1.9839004278182983,0.1209036637801565,interior,-0.586942732334137,0.1321399211883545,0.05835524573922157,0.059374043717980385,0.12179544568061829,0.24171199426054954,0.0038613698052949066,0.000891368286979004,0.02978908840785802,1.0
0.07,100,shared-raw-gate FSM pilot+score NPE,-1.9839004278182983,0.1209036637801565,interior,-0.6942310333251953,0.1305016428232193,0.060627736151218414,0.05795911755412817,0.1179746612906456,0.24706979244947438,0.0036604487843084027,0.0009918764376062499,0.031427365302993664,1.0
0.07,101,exact likelihood grid,-2.9444389791664403,0.05000000000000002,left_boundary,nan,0.09846278465267115,0.04253039689880484,0.05296990083240185,0.08699928946914476,0.18294581122671202,0.000810130110184332,0.0,0.0,1.0
0.07,101,pilot-only NPE,-2.944438934326172,0.050000002129912804,left_boundary,nan,0.12563365697860718,0.06505884230136871,0.057798159308731556,0.10712617635726929,0.259829142689705,0.0030951037888133264,0.0007382563029523162,0.02723756358957404,1.0
0.07,101,linear FSM pilot+score NPE,-2.944438934326172,0.050000002129912804,left_boundary,0.5336325168609619,0.1337926685810089,0.060299381613731384,0.05926056001335383,0.12221257388591766,0.2525873795151711,0.004069504564686441,0.0012482006983898187,0.03539658457747215,1.0
0.07,101,shared-raw-gate FSM pilot+score NPE,-2.944438934326172,0.050000002129912804,left_boundary,0.6619526743888855,0.12879714369773865,0.05876551568508148,0.059359907172620296,0.11530562490224838,0.24293113574385652,0.003457104107012527,0.0009201733386750683,0.030401043206812084,1.0
0.07,102,exact likelihood grid,-2.26504689616719,0.09405942958765552,interior,nan,0.16510238064512703,0.06752922338312285,0.07129010812544923,0.1559038528623568,0.2899659043803365,0.00904446280437063,0.0,0.0,0.0
0.07,102,pilot-only NPE,-2.2650468349456787,0.09405943480447859,interior,nan,0.1829182207584381,0.09208550304174423,0.06657638400793076,0.16434206813573837,0.3543701201677324,0.012750524579251361,0.00031740415894306425,0.020228312051222906,1.0
0.07,102,linear FSM pilot+score NPE,-2.2650468349456787,0.09405943480447859,interior,0.970487654209137,0.17907661199569702,0.0761527493596077,0.0759230025112629,0.16824272274971008,0.32135601639747624,0.011897707284459835,0.00019527914183925326,0.01404100607225203,0.0
0.07,102,shared-raw-gate FSM pilot+score NPE,-2.2650468349456787,0.09405943480447859,interior,1.0683928728103638,0.1752231866121292,0.07344397157430649,0.07469575926661491,0.1644144356250763,0.30778677314519887,0.011071919000810967,0.000102430713421707,0.010187577294199703,0.0
0.07,103,exact likelihood grid,-2.9444389791664403,0.05000000000000002,left_boundary,nan,0.07965165727968436,0.029001650467625328,0.05143126494630414,0.07080039005478354,0.13778779316340856,9.315448824448397e-05,0.0,0.0,1.0
0.07,103,pilot-only NPE,-2.944438934326172,0.050000002129912804,left_boundary,nan,0.12364296615123749,0.06503978371620178,0.058027198910713194,0.10476306453347206,0.2592290103435517,0.00287756781750281,0.001935235256232389,0.044057671952391374,1.0
0.07,103,linear FSM pilot+score NPE,-2.944438934326172,0.050000002129912804,left_boundary,-1.249226689338684,0.08883292227983475,0.03641340881586075,0.05351181402802467,0.07718198373913765,0.16242516338825225,0.00035467896159829576,8.42956270029865e-05,0.009247622867817393,1.0
0.07,103,shared-raw-gate FSM pilot+score NPE,-2.944438934326172,0.050000002129912804,left_boundary,-1.5430458784103394,0.08373059332370758,0.0352555587887764,0.05252813044935465,0.07091061025857925,0.1574060194194317,0.000188529193021043,1.6637719251231802e-05,0.004213640493810611,1.0
0.07,104,exact likelihood grid,-2.9444389791664403,0.05000000000000002,left_boundary,nan,0.09453071719306991,0.039342512984450566,0.05267412738756153,0.08382748868603071,0.17274804117652923,0.0006017560860063753,0.0,0.0,1.0
0.07,104,pilot-only NPE,-2.944438934326172,0.050000002129912804,left_boundary,nan,0.12420975416898727,0.06531542539596558,0.05767333153635264,0.10474923998117447,0.259400923550129,0.0029386974470620325,0.0008808452358178702,0.029745603993968615,1.0
0.07,104,linear FSM pilot+score NPE,-2.944438934326172,0.050000002129912804,left_boundary,0.22415512800216675,0.12291935831308365,0.05697779729962349,0.05752630941569805,0.11039078235626221,0.23694334477186207,0.0028004584842685346,0.000805914944640935,0.02845521903453911,1.0
0.07,104,shared-raw-gate FSM pilot+score NPE,-2.944438934326172,0.050000002129912804,left_boundary,0.26199233531951904,0.11661894619464874,0.053896479308605194,0.05681307800114155,0.10171567648649216,0.222911635786295,0.002173326144299554,0.00048788986042618834,0.02215478969930256,1.0
0.07,105,exact likelihood grid,-2.9444389791664403,0.05000000000000002,left_boundary,nan,0.08354993845211786,0.03265792438233137,0.05164456755267191,0.07361926699970214,0.14907108445202147,0.000183600832056182,0.0,0.0,1.0
0.07,105,pilot-only NPE,-2.944438934326172,0.050000002129912804,left_boundary,nan,0.12492804229259491,0.06610608845949173,0.05761354323476553,0.10559789836406708,0.2601813599467278,0.0030170898300970945,0.0017121474774333015,0.04144463128256321,1.0
0.07,105,linear FSM pilot+score NPE,-2.944438934326172,0.050000002129912804,left_boundary,-1.0804078578948975,0.09058768302202225,0.037546735256910324,0.05367796234786511,0.07911449670791626,0.16757609322667127,0.0004238526922152628,4.9529848631218676e-05,0.007116931614202571,1.0
0.07,105,shared-raw-gate FSM pilot+score NPE,-2.944438934326172,0.050000002129912804,left_boundary,-1.5061695575714111,0.08380196243524551,0.034860759973526,0.052943700924515724,0.07085463032126427,0.15650656297802926,0.0001904941670639281,6.351608807152739e-08,0.0024964388022301357,1.0
0.07,106,exact likelihood grid,-1.9078127464501342,0.12922677816528913,interior,nan,0.17584806459322777,0.06698662220706482,0.0799102052248581,0.16800914249507562,0.2980203408674533,0.011203812778132117,0.0,0.0,0.0
0.07,106,pilot-only NPE,-1.9078127145767212,0.12922678175191568,interior,nan,0.20059442520141602,0.09833718836307526,0.0720356673002243,0.18131931871175766,0.3856281250715256,0.01705490389368824,0.0006123823633504908,0.02701584826610649,0.0
0.07,106,linear FSM pilot+score NPE,-1.9078127145767212,0.12922678175191568,interior,0.19815975427627563,0.1663922518491745,0.06976645439863205,0.07205841764807701,0.15668687224388123,0.2940775185823441,0.009291466216554684,8.941239465060026e-05,0.009819341156574846,0.0
0.07,106,shared-raw-gate FSM pilot+score NPE,-1.9078127145767212,0.12922678175191568,interior,-0.02856767177581787,0.15648721158504486,0.06853143870830536,0.06725627519190311,0.14606500416994095,0.2848700433969498,0.007480037767756317,0.00037484262920446524,0.019294233476988956,1.0
0.07,107,exact likelihood grid,-1.5503793900467047,0.1750314792092753,interior,nan,0.13319266929319684,0.05639712889818245,0.060259905678497844,0.123258903833983,0.24008654527187395,0.003993313452399342,0.0,0.0,1.0
0.07,107,pilot-only NPE,-1.5503793954849243,0.1750314784240211,interior,nan,0.23320037126541138,0.10774269700050354,0.08344263359904289,0.21718445420265198,0.42748057395219813,0.02663436118116811,0.010001540453763284,0.10007442352230836,0.0
0.07,107,linear FSM pilot+score NPE,-1.5503793954849243,0.1750314784240211,interior,-1.3670618534088135,0.14454945921897888,0.06358250230550766,0.063328667730093,0.1347964182496071,0.2676589384675026,0.005557621869842194,0.00012897667741834445,0.011453665399479016,1.0
0.07,107,shared-raw-gate FSM pilot+score NPE,-1.5503793954849243,0.1750314784240211,interior,-1.3887699842453003,0.149673730134964,0.06629032641649246,0.06563015133142472,0.13867435604333878,0.27591156363487246,0.006347903273619068,0.00027162536647003043,0.016547784653857246,1.0
0.07,108,exact likelihood grid,-2.9444389791664403,0.05000000000000002,left_boundary,nan,0.11850461390207905,0.05115147023425422,0.056276422520651403,0.10788303169328321,0.21717258348856588,0.002352697569789759,0.0,0.0,1.0
0.07,108,pilot-only NPE,-2.944438934326172,0.050000002129912804,left_boundary,nan,0.12421899288892746,0.06490644812583923,0.05811375360935926,0.10444418713450432,0.2552874565124512,0.002939699189889566,3.2654127205334715e-05,0.008450521603022131,1.0
0.07,108,linear FSM pilot+score NPE,-2.944438934326172,0.050000002129912804,left_boundary,0.18818944692611694,0.1225322037935257,0.0560091957449913,0.057644458860158926,0.11009916290640831,0.23761271834373482,0.0027596324354045147,1.6221480333683245e-05,0.004805619259704709,1.0
0.07,108,shared-raw-gate FSM pilot+score NPE,-2.944438934326172,0.050000002129912804,left_boundary,0.47926515340805054,0.12323755770921707,0.05713114142417908,0.058313310332596305,0.10791709274053574,0.23736667037010195,0.002834237550842217,2.2400757081526196e-05,0.005744965871476856,1.0
0.07,109,exact likelihood grid,-2.806435137806505,0.05697742217061196,interior,nan,0.14261276451011906,0.060559558600485314,0.0626291292114266,0.1326243378237185,0.25667123396633407,0.005272613569802006,0.0,0.0,1.0
0.07,109,pilot-only NPE,-2.8064351081848145,0.05697742376221491,interior,nan,0.1453046053647995,0.07454422861337662,0.06162048578262329,0.12696082890033722,0.2924068108201027,0.005670783589148189,7.2460071869267135e-06,0.010289390125350437,1.0
0.07,109,linear FSM pilot+score NPE,-2.8064351081848145,0.05697742376221491,interior,1.1494276523590088,0.17068897187709808,0.07661260664463043,0.0681909203529358,0.15856880694627762,0.31565944105386734,0.010138269057667047,0.0007882734201136071,0.02814294749432642,1.0
0.07,109,shared-raw-gate FSM pilot+score NPE,-2.8064351081848145,0.05697742376221491,interior,1.4193286895751953,0.16373367607593536,0.07434698194265366,0.06685054115951061,0.15026534348726273,0.30117378979921344,0.008786002030708376,0.00044609290537103285,0.021187648148922513,1.0
0.1,100,exact likelihood grid,-1.9838882460605203,0.12090495853605149,interior,nan,0.1619910591712785,0.06639983411787068,0.06978323830745468,0.15295207771819402,0.2847620916268765,0.003842891417176953,0.0,0.0,1.0
0.1,100,pilot-only NPE,-1.9838882684707642,0.12090495615413505,interior,nan,0.19704994559288025,0.09659907966852188,0.06980952210724355,0.17944825440645218,0.3785145625472069,0.009418691939581015,0.0012291255171227706,0.03512681242222712,1.0
0.1,100,linear FSM pilot+score NPE,-1.9838882684707642,0.12090495615413505,interior,-0.5870994925498962,0.13213683664798737,0.05835402384400368,0.05937350708991289,0.12179236114025116,0.2417077049612999,0.0010327762697394235,0.0008912746024701844,0.029787502140297,1.0
0.1,100,shared-raw-gate FSM pilot+score NPE,-1.9838882684707642,0.12090495615413505,interior,-0.6944971084594727,0.13049638271331787,0.06062646210193634,0.057956917025148866,0.11796840280294418,0.24706006124615673,0.0009300293585971527,0.0009919146451916202,0.03142797896240503,1.0
0.1,101,exact likelihood grid,-2.4683712857211133,0.07810543009930382,interior,nan,0.1459486603200323,0.06263351440289287,0.06326539953190595,0.13559327575026114,0.26394556230032196,0.002111279385205709,0.0,0.0,1.0
0.1,101,pilot-only NPE,-2.4683713912963867,0.07810542249735956,interior,nan,0.17141193151474,0.08447175472974777,0.06689452901482583,0.1548886075615883,0.33551472425460827,0.005099663962665914,0.0006483781799352311,0.02553007495241404,1.0
0.1,101,linear FSM pilot+score NPE,-2.4683713912963867,0.07810542249735956,interior,1.1659650802612305,0.18268123269081116,0.07739774137735367,0.07595215924084187,0.17096658796072006,0.32467393130064015,0.006836186239272059,0.0013492818729745073,0.03679937512563706,1.0
0.1,101,shared-raw-gate FSM pilot+score NPE,-2.4683713912963867,0.07810542249735956,interior,1.6481140851974487,0.1883460134267807,0.07893524318933487,0.08043593838810921,0.17571847885847092,0.33228220343589787,0.007805018088404915,0.0017975355504583094,0.04246418023692609,1.0
0.1,102,exact likelihood grid,-1.6822309624030243,0.15680027863643897,interior,nan,0.2634011333726914,0.08319071314052129,0.13809735413053403,0.2568880055936657,0.4106177490174676,0.026699930387480076,0.0,0.0,0.0
0.1,102,pilot-only NPE,-1.6822309494018555,0.15680028035537488,interior,nan,0.22227352857589722,0.10617203265428543,0.07688027173280716,0.20472382754087448,0.4190331876277924,0.014950815790400751,0.0016914798763212869,0.04428079295618146,1.0
0.1,102,linear FSM pilot+score NPE,-1.6822309494018555,0.15680028035537488,interior,1.4007318019866943,0.25461333990097046,0.09081481397151947,0.12111768126487732,0.2464238628745079,0.4147954314947129,0.023905284875333024,7.722531410162097e-05,0.010518493807924183,0.0
0.1,102,shared-raw-gate FSM pilot+score NPE,-1.6822309494018555,0.15680028035537488,interior,1.4965871572494507,0.2500728368759155,0.08749677985906601,0.11976263523101807,0.24308700114488602,0.4018323361873627,0.02252185636798515,0.00017764348750596765,0.013468636159161588,0.0
0.1,103,exact likelihood grid,-2.9444389791664403,0.05000000000000002,left_boundary,nan,0.07960997457726851,0.028961002737813258,0.051429073862265466,0.07077106145536079,0.13766453017617755,0.0004157531367396367,0.0,0.0,1.0
0.1,103,pilot-only NPE,-2.944438934326172,0.050000002129912804,left_boundary,nan,0.12364296615123749,0.06503978371620178,0.058027198910713194,0.10476306453347206,0.2592290103435517,0.0005589898484285613,0.0019389043469532229,0.04409935197273171,1.0
0.1,103,linear FSM pilot+score NPE,-2.944438934326172,0.050000002129912804,left_boundary,-1.2557514905929565,0.08874662220478058,0.03633808344602585,0.0535368524491787,0.0771232582628727,0.16224134638905524,0.00012663851180193765,8.34783298693219e-05,0.009202994498255615,1.0
0.1,103,shared-raw-gate FSM pilot+score NPE,-2.944438934326172,0.050000002129912804,left_boundary,-1.554984450340271,0.08358826488256454,0.03514734283089638,0.052542919293046,0.07081634551286697,0.157153233140707,0.00026934504956486436,1.582679375321241e-05,0.00414078565265448,1.0
0.1,104,exact likelihood grid,-2.9444389791664403,0.05000000000000002,left_boundary,nan,0.09453071719306991,0.039342512984450566,0.05267412738756153,0.08382748868603071,0.17274804117652923,2.991305442218117e-05,0.0,0.0,1.0
0.1,104,pilot-only NPE,-2.944438934326172,0.050000002129912804,left_boundary,nan,0.12420975416898727,0.06531542539596558,0.05767333153635264,0.10474923998117447,0.259400923550129,0.0005861121969227964,0.0008808452358178702,0.029745603993968615,1.0
0.1,104,linear FSM pilot+score NPE,-2.944438934326172,0.050000002129912804,left_boundary,0.22415512800216675,0.12291935831308365,0.05697779729962349,0.05752630941569805,0.11039078235626221,0.23694334477186207,0.0005252969854835163,0.000805914944640935,0.02845521903453911,1.0
0.1,104,shared-raw-gate FSM pilot+score NPE,-2.944438934326172,0.050000002129912804,left_boundary,0.26199233531951904,0.11661894619464874,0.053896479308605194,0.05681307800114155,0.10171567648649216,0.222911635786295,0.00027618937262062975,0.00048788986042618834,0.02215478969930256,1.0
0.1,105,exact likelihood grid,-2.9444389791664403,0.05000000000000002,left_boundary,nan,0.08354993845211786,0.03265792438233137,0.05164456755267191,0.07361926699970214,0.14907108445202147,0.0002706045249291107,0.0,0.0,1.0
0.1,105,pilot-only NPE,-2.944438934326172,0.050000002129912804,left_boundary,nan,0.12492804229259491,0.06610608845949173,0.05761354323476553,0.10559789836406708,0.2601813599467278,0.0006214072925414002,0.0017121474774333015,0.04144463128256321,1.0
0.1,105,linear FSM pilot+score NPE,-2.944438934326172,0.050000002129912804,left_boundary,-1.0804078578948975,0.09058768302202225,0.037546735256910324,0.05367796234786511,0.07911449670791626,0.16757609322667127,8.859171089392837e-05,4.9529848631218676e-05,0.007116931614202571,1.0
0.1,105,shared-raw-gate FSM pilot+score NPE,-2.944438934326172,0.050000002129912804,left_boundary,-1.5061695575714111,0.08380196243524551,0.034860759973526,0.052943700924515724,0.07085463032126427,0.15650656297802926,0.00026237642094919763,6.351608807152739e-08,0.0024964388022301357,1.0
0.1,106,exact likelihood grid,-1.8802535947633714,0.13235974784059226,interior,nan,0.18599383849482193,0.07018734380865448,0.08464488858550913,0.17818026535211048,0.3134810729578741,0.007394940259073517,0.0,0.0,1.0
0.1,106,pilot-only NPE,-1.880253553390503,0.13235975259187924,interior,nan,0.2027241736650467,0.0989692285656929,0.07270222939550877,0.18326694518327713,0.38966115117073075,0.010552255855166672,0.00027990411490805967,0.022301500425811416,1.0
0.1,106,linear FSM pilot+score NPE,-1.880253553390503,0.13235975259187924,interior,0.26564890146255493,0.1719989776611328,0.07112009823322296,0.07460336051881314,0.16247785836458206,0.30272366255521777,0.005183852784248301,0.00019585612975432561,0.013992803942055588,1.0
0.1,106,shared-raw-gate FSM pilot+score NPE,-1.880253553390503,0.13235975259187924,interior,0.09905868768692017,0.16378673911094666,0.06998144090175629,0.07086389809846878,0.1538628786802292,0.29353069961071027,0.004068748086407971,0.0004931552630453135,0.022140476422817443,1.0
0.1,107,exact likelihood grid,-1.192993842581455,0.232723917062168,interior,nan,0.18884383142301794,0.07027294923240585,0.08741763507377459,0.18101751101588548,0.31647092586034453,0.00789322638192163,0.0,0.0,1.0
0.1,107,pilot-only NPE,-1.1929938793182373,0.23272391050231983,interior,nan,0.2806004285812378,0.11653004586696625,0.11097478121519089,0.26980431377887726,0.48815619200468063,0.03261651480372677,0.008419273122055839,0.09182333455495077,0.0
0.1,107,linear FSM pilot+score NPE,-1.1929938793182373,0.23272391050231983,interior,-1.2401440143585205,0.1924082189798355,0.07375950366258621,0.08615224063396454,0.1853206679224968,0.32609747946262363,0.00853927893502523,1.27048586551959e-05,0.004857413057728543,1.0
0.1,107,shared-raw-gate FSM pilot+score NPE,-1.1929938793182373,0.23272391050231983,interior,-1.2507565021514893,0.1963651329278946,0.07574552297592163,0.08935183957219124,0.189063161611557,0.3311224907636643,0.009286238844210794,5.656997632725974e-05,0.00799419283103754,1.0
0.1,108,exact likelihood grid,-2.9444389791664403,0.05000000000000002,left_boundary,nan,0.1426076737825841,0.05971971391035383,0.06296083570985017,0.13310499022203284,0.25465572596580677,0.001815413865163104,0.0,0.0,1.0
0.1,108,pilot-only NPE,-2.944438934326172,0.050000002129912804,left_boundary,nan,0.12421899288892746,0.06490644812583923,0.05811375360935926,0.10444418713450432,0.2552874565124512,0.0005865596165539185,0.00033814358500873276,0.019848697019446776,1.0
0.1,108,linear FSM pilot+score NPE,-2.944438934326172,0.050000002129912804,left_boundary,0.4032062888145447,0.12967203557491302,0.05949860438704491,0.05872116331011057,0.1170978844165802,0.24895760938525202,0.0008804296951589038,0.00016733073583975972,0.01286922505515656,1.0
0.1,108,shared-raw-gate FSM pilot+score NPE,-2.944438934326172,0.050000002129912804,left_boundary,0.8597411513328552,0.13615871965885162,0.06233622133731842,0.06118503957986832,0.12193845212459564,0.25540961027145387,0.0013074530073674225,4.15890092900061e-05,0.00681739298585278,1.0
0.1,109,exact likelihood grid,-2.806435137806505,0.05697742217061196,interior,nan,0.14261276451011906,0.060559558600485314,0.0626291292114266,0.1326243378237185,0.25667123396633407,0.0018158476991948622,0.0,0.0,1.0
0.1,109,pilot-only NPE,-2.8064351081848145,0.05697742376221491,interior,nan,0.1453046053647995,0.07454422861337662,0.06162048578262329,0.12696082890033722,0.2924068108201027,0.002052507267260219,7.2460071869267135e-06,0.010289390125350437,1.0
0.1,109,linear FSM pilot+score NPE,-2.8064351081848145,0.05697742376221491,interior,1.1494276523590088,0.17068897187709808,0.07661260664463043,0.0681909203529358,0.15856880694627762,0.31565944105386734,0.004996930745041163,0.0007882734201136071,0.02814294749432642,1.0
0.1,109,shared-raw-gate FSM pilot+score NPE,-2.8064351081848145,0.05697742376221491,interior,1.4193286895751953,0.16373367607593536,0.07434698194265366,0.06685054115951061,0.15026534348726273,0.30117378979921344,0.004061981466152255,0.00044609290537103285,0.021187648148922513,1.0
0.3,100,exact likelihood grid,-1.620082339895767,0.1651935148257476,interior,nan,0.27823829698204466,0.08481298127439783,0.14882659861285152,0.2724518212219317,0.42707917493940556,0.0004735717182416859,0.0,0.0,1.0
0.3,100,pilot-only NPE,-1.6200823783874512,0.16519350951756667,interior,nan,0.22537805140018463,0.10581570863723755,0.07935274504125119,0.20797593891620636,0.4213111683726311,0.005568435212833485,0.002794205562974553,0.053900971365948715,1.0
0.3,100,linear FSM pilot+score NPE,-1.6200823783874512,0.16519350951756667,interior,0.7641430497169495,0.22471465170383453,0.08315102756023407,0.09942157715559005,0.21684958040714264,0.372166058421135,0.005667883668074943,0.0028647806038676654,0.053457532090921085,1.0
0.3,100,shared-raw-gate FSM pilot+score NPE,-1.6200823783874512,0.16519350951756667,interior,0.9840977191925049,0.22986754775047302,0.08364089578390121,0.10661363564431667,0.22133468836545944,0.3759387314319611,0.00491856085853218,0.0023397293812235887,0.048304639079649124,1.0
0.3,101,exact likelihood grid,-0.8780670990711229,0.2935784835317467,interior,nan,0.3503697201065057,0.09569708915559326,0.20171322902288327,0.34516832481118115,0.5167533992014791,0.0025371087036077248,0.0,0.0,1.0
0.3,101,pilot-only NPE,-0.8780670762062073,0.2935784882737052,interior,nan,0.33214008808135986,0.12123443931341171,0.146979983150959,0.3249116986989975,0.5482652723789216,0.001032985261877571,0.0003323194837722223,0.026964204877527764,1.0
0.3,101,linear FSM pilot+score NPE,-0.8780670762062073,0.2935784882737052,interior,1.041748046875,0.377074271440506,0.09697925299406052,0.2283571608364582,0.3701915442943573,0.5440705329179764,0.005940443318084797,0.0007131330619502568,0.02677036688230313,1.0
0.3,101,shared-raw-gate FSM pilot+score NPE,-0.8780670762062073,0.2935784882737052,interior,1.4335391521453857,0.38739868998527527,0.09828604012727737,0.23395142778754235,0.38210199773311615,0.5559366375207901,0.007638531011142258,0.0013711446102828248,0.03710205462791888,1.0
0.3,102,exact likelihood grid,-0.8357192864778797,0.30243711696144815,interior,nan,0.40191269674079444,0.09430518661997984,0.2527369994752911,0.39813848255668455,0.5642952745864422,0.010386197756981136,0.0,0.0,1.0
0.3,102,pilot-only NPE,-0.8357192873954773,0.3024371167678635,interior,nan,0.33804336190223694,0.12305846810340881,0.14589958190917968,0.3340339660644531,0.5525713920593263,0.0014472973848245738,0.004079291932719775,0.06393759602172516,1.0
0.3,102,linear FSM pilot+score NPE,-0.8357192873954773,0.3024371167678635,interior,1.7237297296524048,0.426679790019989,0.10069938749074936,0.2642677903175354,0.42366789281368256,0.5984230607748032,0.01604776919950851,0.0006134089095003251,0.02483278199369832,1.0
0.3,102,shared-raw-gate FSM pilot+score NPE,-0.8357192873954773,0.3024371167678635,interior,1.723313570022583,0.40818271040916443,0.09966689348220825,0.24965761303901673,0.4037122577428818,0.5791106402873993,0.011703498831473137,3.931307140154649e-05,0.007120903880084809,1.0
0.3,103,exact likelihood grid,-1.5471591767985282,0.17549695008224625,interior,nan,0.21618540307833123,0.07385089182249499,0.10729129646895168,0.20917358932531574,0.3486069677383823,0.007024886657141806,0.0,0.0,1.0
0.3,103,pilot-only NPE,-1.547159194946289,0.17549694745630573,interior,nan,0.23452138900756836,0.11127295345067978,0.07966872900724412,0.21742496639490128,0.4436573907732964,0.004287448497498189,0.00033620837999718205,0.030480838136939293,1.0
0.3,103,linear FSM pilot+score NPE,-1.547159194946289,0.17549694745630573,interior,1.0552587509155273,0.2521525025367737,0.08925434201955795,0.11626545637845993,0.24478702992200851,0.4075403988361359,0.002289383013493448,0.0012936322434534914,0.036033794340272575,1.0
0.3,103,shared-raw-gate FSM pilot+score NPE,-1.547159194946289,0.17549694745630573,interior,0.937074601650238,0.23936446011066437,0.08672141283750534,0.11237718835473061,0.23123809695243835,0.3921740531921387,0.0036766686976712113,0.0005372686849081524,0.02324597329460015,1.0
0.3,104,exact likelihood grid,0.32844522742576326,0.5813810287059898,interior,nan,0.3576915696968074,0.08832766608788102,0.21969257169296252,0.3533559267481311,0.5103059962472744,0.0033283172140815844,0.0,0.0,1.0
0.3,104,pilot-only NPE,0.3284452259540558,0.5813810283478098,interior,nan,0.5330443382263184,0.10399964451789856,0.3450170740485191,0.5451408922672272,0.6789360284805298,0.05430966357934267,0.03074859343096426,0.1754173521270028,0.0
0.3,104,linear FSM pilot+score NPE,0.3284452259540558,0.5813810283478098,interior,-4.1096086502075195,0.3675946295261383,0.09959395974874496,0.21276207268238068,0.3616289496421814,0.534658819437027,0.00456903394077589,9.807059398330793e-05,0.012558718524829768,1.0
0.3,104,shared-raw-gate FSM pilot+score NPE,0.3284452259540558,0.5813810283478098,interior,-4.555883884429932,0.3583325743675232,0.09878953546285629,0.20542090386152267,0.35300424695014954,0.5276807576417923,0.003402689232342625,4.108869878794927e-07,0.00979985301992767,1.0
0.3,105,exact likelihood grid,-2.2679951857058764,0.0938084996949765,interior,nan,0.19502355032783908,0.07900053904568383,0.08216524766986472,0.18566673174527643,0.339347455009102,0.011020054985771733,0.0,0.0,1.0
0.3,105,pilot-only NPE,-2.2679951190948486,0.09380850535747785,interior,nan,0.1820375919342041,0.0912734642624855,0.0667426910251379,0.16343995183706284,0.35306686162948614,0.013915129716681346,0.00016863511540121873,0.017612156512899817,1.0
0.3,105,linear FSM pilot+score NPE,-2.2679951190948486,0.09380850535747785,interior,0.7976619601249695,0.16855846345424652,0.07231950759887695,0.07224222905933857,0.15809891372919083,0.3019354358315468,0.017276877529508645,0.0007004008232268011,0.026401175980868198,1.0
0.3,105,shared-raw-gate FSM pilot+score NPE,-2.2679951190948486,0.09380850535747785,interior,1.132957935333252,0.17593516409397125,0.07300230115652084,0.07715341039001943,0.1656641662120819,0.30834473967552195,0.015392083508389838,0.00036436648901331473,0.01902298088321739,1.0
0.3,106,exact likelihood grid,-1.695343217756344,0.1550744467280649,interior,nan,0.23145227285175293,0.07829834958096224,0.11478236136022786,0.22462823488671457,0.37101524876484215,0.004698790897190526,0.0,0.0,1.0
0.3,106,pilot-only NPE,-1.695343255996704,0.15507444171756965,interior,nan,0.218141108751297,0.10424577444791794,0.07803915664553643,0.1986982375383377,0.4143724292516709,0.006700878076466983,0.00017718708970926688,0.02698073628817415,1.0
0.3,106,linear FSM pilot+score NPE,-1.695343255996704,0.15507444171756965,interior,0.6796649694442749,0.21116025745868683,0.08089175075292587,0.094718137383461,0.2029021829366684,0.3576216846704483,0.007892499854806808,0.0004117658887124317,0.02053292298168763,1.0
0.3,106,shared-raw-gate FSM pilot+score NPE,-1.695343255996704,0.15507444171756965,interior,0.5829967260360718,0.2032216489315033,0.07796578109264374,0.09291985295712948,0.19516810774803162,0.34151301234960557,0.009366049235537195,0.0007969681269265709,0.02817732272317591,1.0
0.3,107,exact likelihood grid,-0.6038553845272434,0.35346213869243703,interior,nan,0.31138634027123574,0.08483208618743872,0.18120971707273517,0.3060032683235913,0.45966281131703346,0.00012964874477236504,0.0,0.0,1.0
0.3,107,pilot-only NPE,-0.6038553714752197,0.35346214167517237,interior,nan,0.37560921907424927,0.12422249466180801,0.18103196024894716,0.3700762540102005,0.5920796394348145,0.005716754009017821,0.004124578161746564,0.06527800265773981,1.0
0.3,107,linear FSM pilot+score NPE,-0.6038553714752197,0.35346214167517237,interior,-0.8652479648590088,0.33267733454704285,0.09206397831439972,0.1943418987095356,0.3252004384994507,0.491997715830803,0.0010678081930993607,0.000453306437252451,0.02136929210351609,1.0
0.3,107,shared-raw-gate FSM pilot+score NPE,-0.6038553714752197,0.35346214167517237,interior,-0.8954258561134338,0.3257325291633606,0.09043800830841064,0.18591336905956268,0.31956028938293457,0.47753299176692965,0.0006621630571432041,0.0002058131357285266,0.014422061727212894,1.0
0.3,108,exact likelihood grid,-1.4980541142478945,0.18271592512824447,interior,nan,0.28332389215332504,0.08368126425730318,0.1559300451465895,0.2774808030009709,0.4303629994338166,0.00027809257291393376,0.0,0.0,1.0
0.3,108,pilot-only NPE,-1.4980541467666626,0.18271592027219036,interior,nan,0.2438693344593048,0.11297910660505295,0.08704228177666665,0.22689279168844223,0.45604371726512927,0.0031506516140413854,0.001556662122830771,0.04518638911926313,1.0
0.3,108,linear FSM pilot+score NPE,-1.4980541467666626,0.18271592027219036,interior,2.3701605796813965,0.33372998237609863,0.09960110485553741,0.18365255892276763,0.3258814215660095,0.5098054081201553,0.0011377117110919252,0.0025407739315463913,0.05047258092443551,1.0
0.3,108,shared-raw-gate FSM pilot+score NPE,-1.4980541467666626,0.18271592027219036,interior,1.799716591835022,0.29141223430633545,0.09347204864025116,0.15106653347611426,0.28554199635982513,0.4534862130880356,7.374971960928159e-05,6.542127878416505e-05,0.009972284773010244,1.0
0.3,109,exact likelihood grid,-0.7899117826984737,0.31218761169630194,interior,nan,0.30773430518665507,0.08697765233785458,0.1740237679841861,0.3023314967469954,0.4596098560185298,5.981947672031963e-05,0.0,0.0,1.0
0.3,109,pilot-only NPE,-0.7899118065834045,0.3121876065675742,interior,nan,0.34537366032600403,0.12625406682491302,0.14962870329618455,0.3388003557920456,0.5663309812545777,0.002058769051379593,0.001416721055306035,0.04466944822423799,1.0
0.3,109,linear FSM pilot+score NPE,-0.7899118065834045,0.3121876065675742,interior,-0.2678811848163605,0.3253144919872284,0.09282151609659195,0.18297557160258293,0.31870797276496887,0.48745260536670687,0.0006408235045714511,0.00030906296794305267,0.017665338389285783,1.0
0.3,109,shared-raw-gate FSM pilot+score NPE,-0.7899118065834045,0.3121876065675742,interior,-0.30787938833236694,0.3175743818283081,0.09263338148593903,0.17495590969920158,0.31066325306892395,0.47982861548662187,0.0003088588966471665,9.682710831360576e-05,0.009927671814676645,1.0
0.5,100,exact likelihood grid,-0.5599520133189797,0.3635585629831838,interior,nan,0.5056881183317793,0.09150352481892719,0.35131860228835954,0.5073320593253068,0.6546043491389395,3.235469015632362e-05,0.0,0.0,1.0
0.5,100,pilot-only NPE,-0.5599520206451416,0.36355856128802905,interior,nan,0.3853822350502014,0.1275676190853119,0.18468332141637803,0.38209211826324463,0.5991709560155869,0.013137232042087277,0.01447350555216064,0.12024187242798907,1.0
0.5,100,linear FSM pilot+score NPE,-0.5599520206451416,0.36355856128802905,interior,2.6125845909118652,0.5091108679771423,0.09524916112422943,0.3464372679591179,0.5093511044979095,0.6630508184432984,8.300791529691764e-05,1.171521513483284e-05,0.004583968239441606,1.0
0.5,100,shared-raw-gate FSM pilot+score NPE,-0.5599520206451416,0.36355856128802905,interior,2.7823381423950195,0.5028273463249207,0.09575638175010681,0.34138238728046416,0.5045213103294373,0.6580750048160553,7.99388724104233e-06,8.184016475225989e-06,0.004431076292042003,1.0
0.5,101,exact likelihood grid,0.37128220615586127,0.5917687682732833,interior,nan,0.533973029840678,0.08908650352739585,0.3790904298491521,0.5386338086207232,0.6717771287482991,0.0011541667565555952,0.0,0.0,1.0
0.5,101,pilot-only NPE,0.3712822198867798,0.5917687715903778,interior,nan,0.5371519327163696,0.10294363647699356,0.3541268423199654,0.5501360297203064,0.6785931110382081,0.001380266104561656,1.0105423493080765e-05,0.014005490904914824,1.0
0.5,101,linear FSM pilot+score NPE,0.3712822198867798,0.5917687715903778,interior,-0.4328559637069702,0.5435816645622253,0.08593206107616425,0.3929977372288704,0.549432098865509,0.673774316906929,0.0018993614860143282,9.232586121212594e-05,0.009778626604012535,1.0
0.5,101,shared-raw-gate FSM pilot+score NPE,0.3712822198867798,0.5917687715903778,interior,-0.3666611313819885,0.5472650527954102,0.08775261044502258,0.3922951057553291,0.5536919236183167,0.6757839888334275,0.0022339852157529094,0.00017667787422912762,0.013466183626560758,1.0
0.5,102,exact likelihood grid,-0.10530274892953685,0.47369861222561777,interior,nan,0.5563729813617538,0.08446923612990319,0.4055982697367042,0.563638538939778,0.6805019900823354,0.0031779130276126458,0.0,0.0,1.0
0.5,102,pilot-only NPE,-0.10530275106430054,0.47369861169340366,interior,nan,0.47399666905403137,0.1240205466747284,0.26093252599239347,0.4800473749637604,0.6652400255203247,0.0006761732202855697,0.006785856829419428,0.08231242532539527,1.0
0.5,102,linear FSM pilot+score NPE,-0.10530275106430054,0.47369861169340366,interior,1.6012604236602783,0.5479501485824585,0.08774598687887192,0.3902661666274071,0.5541891157627106,0.676190796494484,0.0022992167490798465,7.09441120279721e-05,0.008358957986118017,1.0
0.5,102,shared-raw-gate FSM pilot+score NPE,-0.10530275106430054,0.47369861169340366,interior,1.7277741432189941,0.5456411838531494,0.08972597867250443,0.3858753934502602,0.555031806230545,0.6751235246658325,0.002083117663516987,0.00011517147776568812,0.01066789325881165,1.0
0.5,103,exact likelihood grid,-1.1452890306263324,0.2413506125142777,interior,nan,0.3140863866482148,0.08656323354684264,0.18128585460368338,0.30857332063407794,0.4654449461499483,0.03456387162951708,0.0,0.0,0.0
0.5,103,pilot-only NPE,-1.1452890634536743,0.2413506065035752,interior,nan,0.2863211929798126,0.12035439163446426,0.10551825910806656,0.27403032779693604,0.5028230011463166,0.04565863256957048,0.0007709059794438809,0.038453501609110256,1.0
0.5,103,linear FSM pilot+score NPE,-1.1452890634536743,0.2413506065035752,interior,1.4809619188308716,0.3488791882991791,0.09835285693407059,0.19904014170169831,0.3427952378988266,0.5204858839511872,0.022837499729114974,0.0012105390467233418,0.03485985359332762,1.0
0.5,103,shared-raw-gate FSM pilot+score NPE,-1.1452890634536743,0.2413506065035752,interior,1.7688571214675903,0.34949707984924316,0.09709054976701736,0.19974870309233667,0.344172939658165,0.5197653561830521,0.022651128973905088,0.0012539171929773557,0.03548014640889368,1.0
0.5,104,exact likelihood grid,0.8472978603872034,0.7,right_boundary,nan,0.5358355142144946,0.08516199319415804,0.38876030142276335,0.5395904809321576,0.6693670688348817,0.0012841840790172446,0.0,0.0,1.0
0.5,104,pilot-only NPE,0.8472978472709656,0.69999999724559,right_boundary,nan,0.603258490562439,0.07548707723617554,0.45156032741069796,0.6224426329135895,0.6905805945396424,0.010662315873233297,0.004545857739615465,0.06748697740777616,1.0
0.5,104,linear FSM pilot+score NPE,0.8472978472709656,0.69999999724559,right_boundary,-2.462399482727051,0.5423046350479126,0.08723092079162598,0.3878298789262772,0.5489286184310913,0.6725311875343323,0.001789682146537075,4.184952435736275e-05,0.00680512150991654,1.0
0.5,104,shared-raw-gate FSM pilot+score NPE,0.8472978472709656,0.69999999724559,right_boundary,-2.3468379974365234,0.5381762981414795,0.08963461220264435,0.3788752511143684,0.5489822030067444,0.6697450637817383,0.0014574297397871305,5.479269392830806e-06,0.006271318069161536,1.0
0.5,105,exact likelihood grid,-0.39809168142068946,0.4017709201566322,interior,nan,0.5673422033434455,0.0817909298102161,0.41917153686116765,0.5760263070173464,0.6839098212378502,0.004534972351149968,0.0,0.0,1.0
0.5,105,pilot-only NPE,-0.3980916738510132,0.40177092197601183,interior,nan,0.4191071391105652,0.12432984262704849,0.22247714102268218,0.4098646938800812,0.6256974965333939,0.006543654942877453,0.021973634268126166,0.1481711879938471,1.0
0.5,105,linear FSM pilot+score NPE,-0.3980916738510132,0.40177092197601183,interior,3.774468183517456,0.5737114548683167,0.07672605663537979,0.43206250071525576,0.5801195204257965,0.6813808977603912,0.005433378578803882,4.0567364987072974e-05,0.006808995354717549,1.0
0.5,105,shared-raw-gate FSM pilot+score NPE,-0.3980916738510132,0.40177092197601183,interior,3.7249836921691895,0.5632781386375427,0.08412253111600876,0.4106952607631683,0.5746992826461792,0.6795098721981049,0.004004122829432077,1.651662193376493e-05,0.004041130035091756,1.0
0.5,106,exact likelihood grid,-1.457590207053761,0.18883617348819992,interior,nan,0.2962600538077351,0.08501647846416607,0.1660453487040232,0.2907329175500628,0.44504913986634276,0.04150996567442699,0.0,0.0,0.0
0.5,106,pilot-only NPE,-1.4575902223587036,0.18883617114383364,interior,nan,0.2448456585407257,0.11207446455955505,0.09014041796326637,0.2268507033586502,0.4565683498978615,0.06510373796551594,0.00264344004067228,0.054841356658800564,0.0
0.5,106,linear FSM pilot+score NPE,-1.4575902223587036,0.18883617114383364,interior,1.2403254508972168,0.2765529155731201,0.0916648581624031,0.1418067052960396,0.2683557868003845,0.4376819595694542,0.049928599538873186,0.0003883712973982247,0.01995149002247166,0.0
0.5,106,shared-raw-gate FSM pilot+score NPE,-1.4575902223587036,0.18883617114383364,interior,1.233231544494629,0.2665296792984009,0.089077889919281,0.13618600443005563,0.25917354226112366,0.4215947985649109,0.05450839064850754,0.0008838951684652715,0.029821319491074656,0.0
0.5,107,exact likelihood grid,-0.05948786297767684,0.48513241845404237,interior,nan,0.43652010723620216,0.09307848621758297,0.2868326383952797,0.4340589409962697,0.5952204522708087,0.004029696785303273,0.0,0.0,1.0
0.5,107,pilot-only NPE,-0.05948786437511444,0.4851324181049919,interior,nan,0.47755908966064453,0.12209486216306686,0.26621806621551514,0.48585715889930725,0.6632394284009934,0.0005035944568589912,0.00168419807843369,0.04606614708286329,1.0
0.5,107,linear FSM pilot+score NPE,-0.05948786437511444,0.4851324181049919,interior,-1.0906610488891602,0.4417426884174347,0.0986345186829567,0.28206846714019773,0.4390433132648468,0.6111975431442261,0.003393914352828098,2.7275354194564197e-05,0.006572747840734733,1.0
0.5,107,shared-raw-gate FSM pilot+score NPE,-0.05948786437511444,0.4851324181049919,interior,-1.121921420097351,0.43919989466667175,0.0976777970790863,0.2795983269810677,0.4382510334253311,0.6046776860952378,0.00369665280854381,7.1812606725028265e-06,0.005347674135492249,1.0
0.5,108,exact likelihood grid,-0.7532461902795092,0.32011438401153736,interior,nan,0.4105182437096413,0.09532716950292365,0.2587060283235404,0.40723294247675695,0.5739638995666984,0.00800698470880715,0.0,0.0,1.0
0.5,108,pilot-only NPE,-0.7532461881637573,0.32011438447201207,interior,nan,0.35358238220214844,0.1268264204263687,0.15585157051682472,0.3480042666196823,0.574866896867752,0.02143811880159774,0.003241692325600407,0.057167174047436924,1.0
0.5,108,linear FSM pilot+score NPE,-0.7532461881637573,0.32011438447201207,interior,1.5343670845031738,0.4300660192966461,0.09972801804542542,0.2713829502463341,0.4284898638725281,0.6009535044431686,0.004890761657017073,0.00038211553039990177,0.01961912423213522,1.0
0.5,108,shared-raw-gate FSM pilot+score NPE,-0.7532461881637573,0.32011438447201207,interior,1.1667077541351318,0.3957251012325287,0.09968248009681702,0.24038150310516357,0.3931673765182495,0.5665142774581909,0.01087325451296639,0.00021883706434815337,0.014728871721326465,1.0
0.5,109,exact likelihood grid,0.6592922189906079,0.6591013773481607,interior,nan,0.5467760171206741,0.08261669987535476,0.4025359122749663,0.5514931993724415,0.6738669905316242,0.0021879957776736003,0.0,0.0,1.0
0.5,109,pilot-only NPE,0.6592922210693359,0.6591013778152234,interior,nan,0.5665595531463623,0.09324850887060165,0.38634275197982787,0.5837489068508148,0.686771884560585,0.004430174115043428,0.0003913882976797015,0.023133621216391315,1.0
0.5,109,linear FSM pilot+score NPE,0.6592922210693359,0.6591013778152234,interior,-0.2516842484474182,0.5887226462364197,0.07268226891756058,0.45182442367076875,0.6026793420314789,0.6834085941314697,0.007871707955192875,0.0017595196941739112,0.042029720858935575,1.0
0.5,109,shared-raw-gate FSM pilot+score NPE,0.6592922210693359,0.6591013778152234,interior,-0.9837522506713867,0.5627480745315552,0.0841466411948204,0.4069012776017189,0.5726929903030396,0.680191969871521,0.003937320857417603,0.0002551066179364798,0.016053834750962743,1.0
0.65,100,exact likelihood grid,0.3978640399009067,0.5981743647422996,interior,nan,0.5494603762385424,0.08343765262656104,0.40292872540178254,0.5548548308133515,0.676214220274997,0.010108215946095457,0.0,0.0,1.0
0.65,100,pilot-only NPE,0.39786404371261597,0.5981743656584889,interior,nan,0.5391725301742554,0.10321874916553497,0.3496136456727982,0.5516494810581207,0.6805740088224411,0.012282728067976341,0.00010583977664246571,0.01678416918641347,1.0
0.65,100,linear FSM pilot+score NPE,0.39786404371261597,0.5981743656584889,interior,0.3633922338485718,0.5710937976837158,0.0780910775065422,0.4296650215983391,0.5794785618782043,0.6806141138076782,0.006226188763978374,0.0004680049234244901,0.02171724806020083,1.0
0.65,100,shared-raw-gate FSM pilot+score NPE,0.39786404371261597,0.5981743656584889,interior,-0.04454928636550903,0.5573415756225586,0.0849410891532898,0.4067016437649727,0.5663608610630035,0.6790175288915634,0.008585583608110032,6.211330373061754e-05,0.008169256298335722,1.0
0.65,101,exact likelihood grid,0.6075492383198154,0.6473815477217373,interior,nan,0.543541572276835,0.08738918772552,0.3900028875543967,0.5492667423201013,0.6759846157463955,0.011333396833288358,0.0,0.0,1.0
0.65,101,pilot-only NPE,0.607549250125885,0.6473815504168112,interior,nan,0.5631632208824158,0.09419713169336319,0.38895768374204637,0.5796459317207336,0.6851862132549286,0.007540626207516116,0.0003850090940008909,0.02071675761832549,1.0
0.65,101,linear FSM pilot+score NPE,0.607549250125885,0.6473815504168112,interior,-1.614332914352417,0.5346773266792297,0.08599258959293365,0.3864856317639351,0.5389831960201263,0.6685281306505203,0.013299318981849103,7.857485001466381e-05,0.008939130011425838,1.0
0.65,101,shared-raw-gate FSM pilot+score NPE,0.607549250125885,0.6473815504168112,interior,-1.6578654050827026,0.533210813999176,0.09024900943040848,0.374560584127903,0.5410018563270569,0.6674837559461594,0.013639713966735063,0.00010672456659141885,0.010268930837418075,1.0
0.65,102,exact likelihood grid,0.5993401116095672,0.6455053196547211,interior,nan,0.6287138724442078,0.05745928003793409,0.5154920564347948,0.6422617094523195,0.6950973038372689,0.00045309922632145506,0.0,0.0,1.0
0.65,102,pilot-only NPE,0.5993401408195496,0.6455053263387888,interior,nan,0.5623520612716675,0.09659648686647415,0.3815950840711594,0.580168604850769,0.686628594994545,0.007682161163325535,0.004403889982099903,0.06629808170071069,1.0
0.65,102,linear FSM pilot+score NPE,0.5993401408195496,0.6455053263387888,interior,1.3916957378387451,0.6190600395202637,0.059455957263708115,0.5005642473697662,0.6313853859901428,0.6906478196382523,0.0009572811544876472,9.319649012342849e-05,0.009595378557345215,1.0
0.65,102,shared-raw-gate FSM pilot+score NPE,0.5993401408195496,0.6455053263387888,interior,1.2598944902420044,0.6121061444282532,0.06481529027223587,0.4806277871131897,0.6249487400054932,0.6888948559761048,0.0014359442900924097,0.0002758166298519256,0.01654404401352826,1.0
0.65,103,exact likelihood grid,-0.4708314084297503,0.38441947927085246,interior,nan,0.6045206221820112,0.06859264965063042,0.4739937191339849,0.6168149078651705,0.6917870242380878,0.0020683738067113744,0.0,0.0,1.0
0.65,103,pilot-only NPE,-0.47083139419555664,0.3844194826392483,interior,nan,0.4018961489200592,0.12758618593215942,0.19720942825078963,0.39641617238521576,0.6162932962179185,0.06155552092069745,0.041056677164683496,0.20256072471245548,0.0
0.65,103,linear FSM pilot+score NPE,-0.47083139419555664,0.3844194826392483,interior,3.8224568367004395,0.5656238794326782,0.07867588102817535,0.4210140660405159,0.5725339949131012,0.6796394497156143,0.007119329721991224,0.001512956596507787,0.03883298977195642,1.0
0.65,103,shared-raw-gate FSM pilot+score NPE,-0.47083139419555664,0.3844194826392483,interior,5.136751651763916,0.5877343416213989,0.07412765175104141,0.4439377963542938,0.6010289788246155,0.6832245528697968,0.0038770122133206567,0.00028177921505958924,0.0167238098065529,1.0
0.65,104,exact likelihood grid,-0.3054651127918676,0.4242220375742583,interior,nan,0.5635295919440354,0.08206662742383002,0.41599704507959656,0.5713702875498958,0.6824089812048599,0.007477131469365031,0.0,0.0,1.0
0.65,104,pilot-only NPE,-0.30546510219573975,0.4242220401624442,interior,nan,0.4308612644672394,0.1212606206536293,0.22996631488204003,0.4305242449045181,0.6317238301038742,0.04802178541089721,0.01760088511549039,0.13260442413263562,0.0
0.65,104,linear FSM pilot+score NPE,-0.30546510219573975,0.4242220401624442,interior,2.550179958343506,0.5485891699790955,0.08841953426599503,0.3890790641307831,0.554534375667572,0.6781890749931335,0.010284156445528799,0.0002232162084904599,0.014879597469108753,1.0
0.65,104,shared-raw-gate FSM pilot+score NPE,-0.30546510219573975,0.4242220401624442,interior,3.132256269454956,0.5559168457984924,0.08623599261045456,0.4015604928135872,0.5668998062610626,0.6773654341697694,0.008851639904504655,5.7953903876479345e-05,0.0075552742254610325,1.0
0.65,105,exact likelihood grid,0.8472978603872034,0.7,right_boundary,nan,0.6485933942292884,0.04395472828759764,0.5608496898230853,0.6600501085649819,0.6967780067736367,1.9785397941992047e-06,0.0,0.0,1.0
0.65,105,pilot-only NPE,0.8472978472709656,0.69999999724559,right_boundary,nan,0.6017702221870422,0.07676397264003754,0.4488719657063484,0.6210437417030334,0.6905889272689819,0.002326111467887275,0.002192409440097784,0.046759425042112904,1.0
0.65,105,linear FSM pilot+score NPE,0.8472978472709656,0.69999999724559,right_boundary,2.9935593605041504,0.6566521525382996,0.037762973457574844,0.5798282712697983,0.6671219170093536,0.6959073662757873,4.425113339280499e-05,6.494358548305623e-05,0.008277198114485889,1.0
0.65,105,shared-raw-gate FSM pilot+score NPE,0.8472978472709656,0.69999999724559,right_boundary,2.9591689109802246,0.6483122110366821,0.0438055545091629,0.5545113623142243,0.6587774753570557,0.6942523002624512,2.848631584697689e-06,7.906398780426173e-08,0.0032900539002943844,1.0
0.65,106,exact likelihood grid,0.8472978603872034,0.7,right_boundary,nan,0.640605453958244,0.04953665584362904,0.5422062640878631,0.6530209941496165,0.6961336807082187,8.82574953306742e-05,0.0,0.0,1.0
0.65,106,pilot-only NPE,0.8472978472709656,0.69999999724559,right_boundary,nan,0.600261926651001,0.0781695693731308,0.44486729204654696,0.6197713911533356,0.6903979420661926,0.002473875940470409,0.0016276001955902615,0.040279823035347995,1.0
0.65,106,linear FSM pilot+score NPE,0.8472978472709656,0.69999999724559,right_boundary,1.2987594604492188,0.6349332928657532,0.05023154988884926,0.5358715832233429,0.6462372243404388,0.6922402679920197,0.00022700566386916487,3.2173411459166447e-05,0.0056084802601223584,1.0
0.65,106,shared-raw-gate FSM pilot+score NPE,0.8472978472709656,0.69999999724559,right_boundary,1.6882416009902954,0.6334517598152161,0.05307169631123543,0.5184278368949891,0.6449848115444183,0.6919732064008712,0.0002738442532132986,5.117533989199184e-05,0.007089990684736313,1.0
0.65,107,exact likelihood grid,0.8472978603872034,0.7,right_boundary,nan,0.640477682651236,0.04960073863087666,0.5419627958758393,0.6528932415684052,0.6961216560909974,9.067452769057329e-05,0.0,0.0,1.0
0.65,107,pilot-only NPE,0.8472978472709656,0.69999999724559,right_boundary,nan,0.6012089848518372,0.07807160168886185,0.4481438398361206,0.6205061078071594,0.6915044993162155,0.002380563159188258,0.0015420306268605073,0.039204984268954614,1.0
0.65,107,linear FSM pilot+score NPE,0.8472978472709656,0.69999999724559,right_boundary,2.2814443111419678,0.6483715772628784,0.041561227291822433,0.5635121762752533,0.6588352620601654,0.6944075375795364,2.6517606107746174e-06,6.231357213971805e-05,0.008440428741966398,1.0
0.65,107,shared-raw-gate FSM pilot+score NPE,0.8472978472709656,0.69999999724559,right_boundary,2.583953857421875,0.6452422142028809,0.04490155354142189,0.5514305800199508,0.6552408933639526,0.6934373944997787,2.2636525691268827e-05,2.270076090661988e-05,0.006075763972939902,1.0
0.65,108,exact likelihood grid,0.8472978603872034,0.7,right_boundary,nan,0.6219003852461686,0.05962464358727062,0.5062800595057382,0.6343874171647508,0.6940356564570657,0.0007895883493137382,0.0,0.0,1.0
0.65,108,pilot-only NPE,0.8472978472709656,0.69999999724559,right_boundary,nan,0.6002007126808167,0.077091746032238,0.44603179991245273,0.6189314424991608,0.6913533985614777,0.002479969017498578,0.00047087578944348985,0.021635980341919003,1.0
0.65,108,linear FSM pilot+score NPE,0.8472978472709656,0.69999999724559,right_boundary,0.2725489139556885,0.6190745234489441,0.05956480652093887,0.5002728134393692,0.6323204934597015,0.6895075112581253,0.0009563850999099102,7.98549489701316e-06,0.002787824574964493,1.0
0.65,108,shared-raw-gate FSM pilot+score NPE,0.8472978472709656,0.69999999724559,right_boundary,0.5695747137069702,0.6202227473258972,0.060421403497457504,0.49615049064159394,0.6329329609870911,0.6902240246534348,0.0008866847768173627,2.8144689915326293e-06,0.00269149309456029,1.0
0.65,109,exact likelihood grid,0.8472978603872034,0.7,right_boundary,nan,0.5965787096325956,0.07076560388680948,0.4640286089409854,0.6075405358838958,0.690124336698991,0.002853834264518534,0.0,0.0,1.0
0.65,109,pilot-only NPE,0.8472978472709656,0.69999999724559,right_boundary,nan,0.6008666753768921,0.07697288691997528,0.4471044450998306,0.619939386844635,0.6908172875642776,0.0024140835885197044,1.8386650224259916e-05,0.008765778657813052,1.0
0.65,109,linear FSM pilot+score NPE,0.8472978472709656,0.69999999724559,right_boundary,0.12721091508865356,0.6177905201911926,0.060003843158483505,0.49856150448322295,0.6312747299671173,0.6893098145723343,0.0010374505895539713,0.0004499409071738072,0.021394118853412903,1.0
0.65,109,shared-raw-gate FSM pilot+score NPE,0.8472978472709656,0.69999999724559,right_boundary,-0.028633594512939453,0.6094706654548645,0.06576438248157501,0.4795734599232674,0.6220743656158447,0.689003375172615,0.0016426269586715155,0.00016620252492333235,0.013163940688407379,1.0
0.68,100,exact likelihood grid,0.5070388561260635,0.6241120570912706,interior,nan,0.571822242722553,0.07811289057207395,0.4307953103416394,0.579742772891319,0.6839613775746562,0.011702427169578249,0.0,0.0,1.0
0.68,100,pilot-only NPE,0.5070388317108154,0.6241120513635462,interior,nan,0.5519040822982788,0.09861535578966141,0.3700967520475388,0.5654234290122986,0.6832259148359299,0.016408564131846142,0.00039673311468712256,0.019980078801747608,1.0
0.68,100,linear FSM pilot+score NPE,0.5070388317108154,0.6241120513635462,interior,0.5748240947723389,0.5914791226387024,0.07098221778869629,0.4591981887817383,0.6023910939693451,0.6856764256954193,0.0078359457288139,0.00038639292803791745,0.019768635777302593,1.0
0.68,100,shared-raw-gate FSM pilot+score NPE,0.5070388317108154,0.6241120513635462,interior,0.19618642330169678,0.5800235867500305,0.07766759395599365,0.4361132726073265,0.5923079550266266,0.6831839144229889,0.009995283206328684,6.726204385704118e-05,0.00846879163970667,1.0
0.68,101,exact likelihood grid,0.8472978603872034,0.7,right_boundary,nan,0.5675998934530935,0.08143145617541321,0.4202752568352301,0.576110533417903,0.6839056402135044,0.012633783951755951,0.0,0.0,1.0
0.68,101,pilot-only NPE,0.8472978472709656,0.69999999724559,right_boundary,nan,0.6019354462623596,0.07649367302656174,0.44971129298210144,0.6206229031085968,0.6906018733978272,0.006094074550256951,0.0011789301867179043,0.03448879666345794,1.0
0.68,101,linear FSM pilot+score NPE,0.8472978472709656,0.69999999724559,right_boundary,-2.1194064617156982,0.5580271482467651,0.08104158192873001,0.4129172027111054,0.5647710561752319,0.6754063397645951,0.014877376564816622,9.163745078528215e-05,0.00951339477315799,0.0
0.68,101,shared-raw-gate FSM pilot+score NPE,0.8472978472709656,0.69999999724559,right_boundary,-1.9575424194335938,0.558784544467926,0.08379145711660385,0.4064404547214508,0.5686618685722351,0.6774931460618973,0.014693186659848215,7.771037773029276e-05,0.00875315415975396,0.0
0.68,102,exact likelihood grid,0.5993401116095672,0.6455053196547211,interior,nan,0.6287138724442078,0.05745928003793409,0.5154920564347948,0.6422617094523195,0.6950973038372689,0.0026302668796689883,0.0,0.0,1.0
0.68,102,pilot-only NPE,0.5993401408195496,0.6455053263387888,interior,nan,0.5623520612716675,0.09659648686647415,0.3815950840711594,0.580168604850769,0.686628594994545,0.013841037487025495,0.004403889982099903,0.06629808170071069,1.0
0.68,102,linear FSM pilot+score NPE,0.5993401408195496,0.6455053263387888,interior,1.3916957378387451,0.6190600395202637,0.059455957263708115,0.5005642473697662,0.6313853859901428,0.6906478196382523,0.0037136787832718313,9.319649012342849e-05,0.009595378557345215,1.0
0.68,102,shared-raw-gate FSM pilot+score NPE,0.5993401408195496,0.6455053263387888,interior,1.2598944902420044,0.6121061444282532,0.06481529027223587,0.4806277871131897,0.6249487400054932,0.6888948559761048,0.004609575624397224,0.0002758166298519256,0.01654404401352826,1.0
0.68,103,exact likelihood grid,-0.4286095084569532,0.39445841694430356,interior,nan,0.6213391206760067,0.0608716342474304,0.502804531848205,0.6344993113406702,0.6941620946200804,0.0034410987630641085,0.0,0.0,1.0
0.68,103,pilot-only NPE,-0.4286095201969147,0.39445841414008487,interior,nan,0.41217881441116333,0.12556396424770355,0.20847066566348077,0.40360336005687714,0.6218530714511872,0.07172818745021012,0.04374803371680308,0.20909658515451324,0.0
0.68,103,linear FSM pilot+score NPE,-0.4286095201969147,0.39445841414008487,interior,4.141510009765625,0.5820967555046082,0.07313074171543121,0.44357244968414306,0.5903283357620239,0.6827712208032608,0.009585045282724483,0.001539963224245395,0.03917861358521353,1.0
0.68,103,shared-raw-gate FSM pilot+score NPE,-0.4286095201969147,0.39445841414008487,interior,5.550857067108154,0.601311206817627,0.06852485984563828,0.46423755288124086,0.6144711375236511,0.6852127254009247,0.006191926172498287,0.0004011173335186802,0.019964191883782255,1.0
0.68,104,exact likelihood grid,-0.3054651127918676,0.4242220375742583,interior,nan,0.5635295919440354,0.08206662742383002,0.41599704507959656,0.5713702875498958,0.6824089812048599,0.013565355952722914,0.0,0.0,1.0
0.68,104,pilot-only NPE,-0.30546510219573975,0.4242220401624442,interior,nan,0.4308612644672394,0.1212606206536293,0.22996631488204003,0.4305242449045181,0.6317238301038742,0.062070109542862864,0.01760088511549039,0.13260442413263562,0.0
0.68,104,linear FSM pilot+score NPE,-0.30546510219573975,0.4242220401624442,interior,2.550179958343506,0.5485891699790955,0.08841953426599503,0.3890790641307831,0.554534375667572,0.6781890749931335,0.017268806246783078,0.0002232162084904599,0.014879597469108753,0.0
0.68,104,shared-raw-gate FSM pilot+score NPE,-0.30546510219573975,0.4242220401624442,interior,3.132256269454956,0.5559168457984924,0.08623599261045456,0.4015604928135872,0.5668998062610626,0.6773654341697694,0.015396629156595117,5.7953903876479345e-05,0.0075552742254610325,0.0
0.68,105,exact likelihood grid,0.8472978603872034,0.7,right_boundary,nan,0.6583019943912701,0.037158200155610964,0.5836352368881619,0.6685534946075173,0.6975397877753694,0.00047080344739647506,0.0,0.0,1.0
0.68,105,pilot-only NPE,0.8472978472709656,0.69999999724559,right_boundary,nan,0.6017702221870422,0.07676397264003754,0.4488719657063484,0.6210437417030334,0.6905889272689819,0.006119898136664747,0.0031958412685507134,0.05646800721446475,1.0
0.68,105,linear FSM pilot+score NPE,0.8472978472709656,0.69999999724559,right_boundary,4.077510833740234,0.6680618524551392,0.03085080161690712,0.6047521859407425,0.6766790449619293,0.6978309839963913,0.00014251936680286808,9.525482942686936e-05,0.009844937090459345,1.0
0.68,105,shared-raw-gate FSM pilot+score NPE,0.8472978472709656,0.69999999724559,right_boundary,4.0890913009643555,0.6588390469551086,0.03566020354628563,0.5876844167709351,0.6681366860866547,0.6957465231418609,0.0004477859337680989,2.884254563255209e-07,0.0029075371968789987,1.0
0.68,106,exact likelihood grid,0.8472978603872034,0.7,right_boundary,nan,0.640605453958244,0.04953665584362904,0.5422062640878631,0.6530209941496165,0.6961336807082187,0.0015519302578360392,0.0,0.0,1.0
0.68,106,pilot-only NPE,0.8472978472709656,0.69999999724559,right_boundary,nan,0.600261926651001,0.0781695693731308,0.44486729204654696,0.6197713911533356,0.6903979420661926,0.0063581603414103564,0.0016276001955902615,0.040279823035347995,1.0
0.68,106,linear FSM pilot+score NPE,0.8472978472709656,0.69999999724559,right_boundary,1.2987594604492188,0.6349332928657532,0.05023154988884926,0.5358715832233429,0.6462372243404388,0.6922402679920197,0.0020310080919239784,3.2173411459166447e-05,0.0056084802601223584,1.0
0.68,106,shared-raw-gate FSM pilot+score NPE,0.8472978472709656,0.69999999724559,right_boundary,1.6882416009902954,0.6334517598152161,0.05307169631123543,0.5184278368949891,0.6449848115444183,0.6919732064008712,0.0021667386643003383,5.117533989199184e-05,0.007089990684736313,1.0
0.68,107,exact likelihood grid,0.8472978603872034,0.7,right_boundary,nan,0.640477682651236,0.04960073863087666,0.5419627958758393,0.6528932415684052,0.6961216560909974,0.00156201356861642,0.0,0.0,1.0
0.68,107,pilot-only NPE,0.8472978472709656,0.69999999724559,right_boundary,nan,0.6012089848518372,0.07807160168886185,0.4481438398361206,0.6205061078071594,0.6915044993162155,0.006208024068078034,0.0015420306268605073,0.039204984268954614,1.0
0.68,107,linear FSM pilot+score NPE,0.8472978472709656,0.69999999724559,right_boundary,2.2814443111419678,0.6483715772628784,0.041561227291822433,0.5635121762752533,0.6588352620601654,0.6944075375795364,0.0010003571248380725,6.231357213971805e-05,0.008440428741966398,1.0
0.68,107,shared-raw-gate FSM pilot+score NPE,0.8472978472709656,0.69999999724559,right_boundary,2.583953857421875,0.6452422142028809,0.04490155354142189,0.5514305800199508,0.6552408933639526,0.6934373944997787,0.0012081036735184204,2.270076090661988e-05,0.006075763972939902,1.0
0.68,108,exact likelihood grid,0.8472978603872034,0.7,right_boundary,nan,0.6219003852461686,0.05962464358727062,0.5062800595057382,0.6343874171647508,0.6940356564570657,0.003375565234543624,0.0,0.0,1.0
0.68,108,pilot-only NPE,0.8472978472709656,0.69999999724559,right_boundary,nan,0.6002007126808167,0.077091746032238,0.44603179991245273,0.6189314424991608,0.6913533985614777,0.006367926256649585,0.00047087578944348985,0.021635980341919003,1.0
0.68,108,linear FSM pilot+score NPE,0.8472978472709656,0.69999999724559,right_boundary,0.2725489139556885,0.6190745234489441,0.05956480652093887,0.5002728134393692,0.6323204934597015,0.6895075112581253,0.0037119136929732693,7.98549489701316e-06,0.002787824574964493,1.0
0.68,108,shared-raw-gate FSM pilot+score NPE,0.8472978472709656,0.69999999724559,right_boundary,0.5695747137069702,0.6202227473258972,0.060421403497457504,0.49615049064159394,0.6329329609870911,0.6902240246534348,0.0035733199372635343,2.8144689915326293e-06,0.00269149309456029,1.0
0.68,109,exact likelihood grid,0.8472978603872034,0.7,right_boundary,nan,0.6079640412861169,0.06611926095697533,0.48215047543022665,0.6198106358773584,0.6920777401077944,0.005189179347828275,0.0,0.0,1.0
0.68,109,pilot-only NPE,0.8472978472709656,0.69999999724559,right_boundary,nan,0.6008666753768921,0.07697288691997528,0.4471044450998306,0.619939386844635,0.6908172875642776,0.006262083065906184,5.0372602849426776e-05,0.0070926088165923955,1.0
0.68,109,linear FSM pilot+score NPE,0.8472978472709656,0.69999999724559,right_boundary,0.35176903009414673,0.6218320727348328,0.05754503980278969,0.5080687403678894,0.6348609030246735,0.6896719425916672,0.0033835077623257915,0.0001923222962625717,0.01427244910843514,1.0
0.68,109,shared-raw-gate FSM pilot+score NPE,0.8472978472709656,0.69999999724559,right_boundary,0.2814471125602722,0.6143198013305664,0.06338897347450256,0.4866227641701698,0.6268169283866882,0.6895112097263336,0.004313888497256273,4.0395685742620554e-05,0.00694670123430102,1.0
